trip_distance,passenger_count,tip_amount
6.5,2,0.0
1.4,2,1.95
4.33,1,5.06
3.69,1,3.95
1.09,1,1.96
0.48,3,1.1
3.74,3,3.56
2.53,2,3.58
1.14,1,0.0
5.09,1,4.86
5.33,1,0.0
0.53,1,1.82
0.52,1,0.0
1.17,1,2.2
0.66,2,1.54
1.28,2,2.06
1.33,1,1.0
5.1,2,4.95
2.31,2,0.0
2.47,3,2.96
10.99,2,7.36
2.94,1,3.06
2.43,5,2.76
5.63,5,4.76
0.9,1,0.0
0.7,1,0.0
0.86,5,2.64
2.24,1,3.82
4.65,3,3.0
3.5,2,0.0
2.74,1,1.5
4.04,1,3.76
4.6,2,5.15
5.09,2,4.86
1.95,2,1.86
1.05,5,2.06
3.22,1,0.0
5.48,2,0.0
2.97,1,0.0
3.4,1,3.35
3.81,1,3.76
4.8,1,4.65
8.15,1,6.16
4.83,1,3.96
2.82,1,3.06
5.76,1,4.46
0.35,1,1.46
7.46,1,5.46
5.3,1,0.0
3.1,1,3.0
4.47,1,0.0
6.97,1,3.5
3.03,1,2.96
3.33,1,2.0
2.89,2,0.0
1.03,5,2.04
1.35,1,0.0
6.64,2,4.96
2.58,1,2.76
4.46,1,4.16
0.46,1,0.0
2.8,1,2.85
1.2,1,0.0
1.0,1,1.76
8.0,1,4.55
3.5,2,0.0
0.3,1,1.45
5.91,1,7.44
1.7,1,2.7
8.68,3,0.0
4.8,1,2.0
0.39,1,0.0
1.84,1,0.0
0.64,3,0.0
4.61,1,0.0
16.74,1,8.0
15.41,1,10.7
1.57,1,1.84
0.86,6,0.0
4.07,1,0.0
1.2,3,2.7
7.1,1,8.35
1.91,1,2.32
1.33,6,1.0
0.0,1,0.66
0.84,1,0.0
3.22,2,2.0
2.52,2,1.0
3.18,1,3.36
5.41,1,6.24
3.04,1,0.0
1.54,3,3.0
1.2,1,0.0
2.71,1,1.0
17.12,1,12.28
2.07,1,0.0
19.3,2,12.25
1.04,3,0.0
1.43,1,2.26
1.05,1,0.0
16.9,2,0.0
1.48,1,2.56
21.94,1,0.0
3.4,0,1.0
1.89,1,2.46
3.2,1,3.16
2.11,1,2.66
2.6,1,0.0
3.53,1,0.0
2.98,1,3.06
2.5,3,2.65
2.79,1,1.96
6.82,1,0.0
0.83,1,0.0
1.04,1,2.45
1.7,3,0.0
2.0,2,0.0
0.73,2,1.0
5.3,2,4.36
1.0,3,0.0
3.56,5,4.58
16.6,1,9.15
2.3,1,0.0
23.2,1,0.0
1.37,1,1.0
1.3,1,2.45
0.82,2,1.76
0.0,1,0.0
11.43,1,0.0
1.35,1,2.16
0.36,5,1.26
2.03,4,2.46
1.3,1,0.0
2.7,3,4.29
3.67,1,1.0
1.0,1,0.0
0.84,1,2.06
0.53,5,1.46
5.02,1,1.0
0.67,1,0.0
10.3,1,0.0
1.1,1,2.25
1.6,1,0.0
3.29,1,0.0
1.1,1,2.33
1.2,3,0.0
5.64,1,0.0
1.37,1,3.09
7.36,1,6.26
1.3,1,2.0
2.52,1,3.45
1.28,1,2.96
0.64,1,2.08
1.82,1,2.26
10.73,1,8.38
0.86,1,0.0
0.0,1,0.0
0.2,1,0.0
4.7,2,0.0
0.69,1,1.86
1.8,2,2.55
0.0,0,0.0
4.25,1,3.96
1.36,3,0.0
1.2,1,0.0
1.28,2,2.26
16.98,1,10.56
26.04,2,0.0
2.61,1,2.22
1.5,4,0.0
18.6,1,1.25
0.53,1,0.0
2.33,1,0.0
3.9,1,3.0
2.5,2,2.0
1.75,3,0.0
17.9,1,9.86
6.0,1,0.0
1.63,1,0.0
0.2,1,0.0
5.42,1,6.39
6.2,1,5.08
19.2,4,5.0
8.58,1,5.56
4.9,1,2.0
12.3,1,0.0
1.1,1,0.0
1.21,1,1.96
10.76,5,10.0
4.34,3,3.56
2.01,1,0.0
0.7,1,0.0
1.2,1,0.0
2.58,1,0.0
1.12,3,2.58
1.96,1,2.56
2.2,1,2.85
2.19,6,0.0
2.4,1,0.0
3.56,1,3.26
1.0,1,0.0
2.66,1,3.16
0.73,1,2.0
0.9,1,1.35
2.65,1,3.32
0.87,1,1.76
1.05,5,1.76
1.0,1,2.05
1.2,1,3.0
30.6,2,0.0
1.34,6,0.0
3.19,6,3.16
1.4,2,2.65
0.41,1,0.0
2.32,3,3.16
10.36,1,7.37
2.53,2,0.0
0.8,1,2.08
0.49,1,0.0
3.09,1,2.96
8.46,6,0.0
1.27,1,1.96
0.72,6,1.56
1.0,1,0.0
1.29,2,0.0
1.5,2,2.0
1.19,2,0.0
0.77,6,0.0
1.46,2,2.58
0.7,1,1.55
0.81,5,0.5
0.7,1,1.25
1.53,1,1.0
0.82,1,0.0
0.0,1,0.0
0.0,1,0.0
3.4,2,3.35
8.13,1,6.98
2.0,1,1.0
1.62,1,0.0
1.05,3,2.94
1.35,6,1.96
1.7,3,0.0
0.65,1,0.0
0.91,5,2.49
2.62,1,1.43
3.47,5,0.0
4.82,1,0.0
0.5,1,1.86
1.91,1,0.0
19.6,4,12.25
0.0,1,0.02
6.8,2,6.05
3.8,2,5.2
12.4,1,0.0
6.8,0,0.0
1.0,1,1.95
0.38,2,1.46
1.4,1,2.15
0.9,1,1.25
0.2,2,16.32
1.04,1,2.2
0.31,1,0.0
17.87,1,0.0
0.62,1,0.0
1.42,1,2.06
1.01,1,1.76
1.06,1,0.0
0.96,1,0.0
0.9,1,1.0
0.0,1,0.0
2.4,1,2.95
10.16,4,8.28
2.56,1,0.0
1.64,1,0.0
1.87,1,0.0
12.3,6,9.08
2.58,1,3.0
1.31,2,1.7
2.87,1,1.0
1.21,1,2.36
2.08,2,2.86
2.46,3,2.0
0.77,2,3.08
9.1,2,7.55
1.56,2,2.46
1.68,1,2.16
19.08,2,10.0
1.9,3,0.0
1.35,1,2.26
3.22,1,3.56
0.7,1,1.5
2.6,4,3.0
0.6,1,1.75
0.3,1,0.0
0.57,1,2.08
0.51,1,1.96
1.8,1,1.0
3.0,3,3.95
1.2,1,2.45
0.74,1,1.76
3.1,0,3.0
1.24,1,1.5
1.33,1,2.66
2.17,1,2.96
1.65,1,0.0
4.5,1,3.75
8.98,1,6.26
14.4,1,10.65
1.5,4,0.0
19.26,1,0.0
1.6,1,2.0
1.4,1,2.46
18.97,1,14.95
1.01,1,2.06
1.43,3,2.26
3.1,1,4.36
1.12,1,1.47
1.9,1,2.45
4.04,1,0.0
0.8,1,2.0
1.8,1,2.46
2.77,1,3.36
0.82,2,1.76
1.5,1,2.25
0.53,1,1.86
4.7,1,4.15
0.84,2,1.96
11.05,2,0.0
4.2,2,0.0
0.8,2,1.26
8.46,1,0.0
2.69,1,3.0
6.96,1,0.0
2.3,1,1.92
2.42,1,2.96
1.93,5,2.66
1.57,1,2.26
18.8,2,12.25
3.7,4,2.97
4.73,1,3.0
16.2,2,10.05
2.69,1,1.0
2.27,1,2.0
5.17,1,4.36
0.5,1,1.65
2.1,1,0.0
3.01,1,0.0
0.51,1,0.73
1.46,1,0.0
1.22,1,0.0
2.42,1,2.0
1.4,2,0.0
1.88,1,0.0
2.73,1,2.86
1.25,1,1.0
5.3,1,4.0
5.16,1,0.0
5.15,3,4.26
3.5,1,3.35
1.32,2,2.16
4.44,6,0.0
0.6,1,1.0
0.67,2,1.0
1.81,6,0.0
1.26,1,1.96
1.11,2,1.96
21.07,1,12.28
0.53,1,0.5
1.96,1,2.0
2.59,5,1.5
0.6,1,1.75
2.22,1,0.0
1.59,1,1.0
2.39,1,0.0
0.57,1,2.34
0.39,1,1.46
1.79,5,2.36
0.45,2,1.82
3.0,1,2.45
1.28,1,2.46
0.97,1,2.45
0.82,2,0.0
13.15,1,0.0
1.33,2,1.0
2.16,1,2.56
5.1,1,4.15
0.48,3,2.55
1.82,2,2.06
0.72,1,0.0
2.08,1,0.04
7.21,1,4.75
2.0,1,2.45
1.28,1,2.66
1.21,1,0.0
2.17,6,2.0
0.8,1,0.0
0.9,3,0.0
1.11,2,1.86
1.3,2,2.15
2.29,1,3.16
0.45,1,1.0
8.31,1,6.82
2.4,2,3.15
0.95,1,0.0
1.3,1,1.85
1.01,1,1.96
1.3,1,2.66
10.7,1,0.0
5.7,1,6.15
0.5,4,1.76
2.05,6,2.76
0.98,1,0.0
1.8,1,0.0
2.09,2,2.46
1.4,1,2.45
3.96,1,0.0
1.2,1,2.15
0.55,2,0.0
5.5,2,4.46
33.26,4,28.18
0.67,1,1.56
0.0,1,12.56
9.75,1,0.0
7.98,1,7.45
10.3,0,0.0
1.91,2,2.66
0.4,1,1.0
0.9,1,0.0
11.35,2,0.0
1.34,1,0.0
2.2,2,0.0
1.51,2,2.26
1.05,5,2.45
3.01,1,3.66
0.72,1,0.0
10.86,1,7.82
9.74,2,7.58
1.74,1,0.0
0.8,1,0.0
3.34,1,4.08
3.2,1,2.2
3.23,2,3.46
1.64,5,0.0
1.2,2,2.06
1.12,1,2.06
0.56,1,1.2
3.51,2,0.0
5.98,1,0.0
1.9,1,0.0
0.72,1,0.0
0.8,1,0.0
1.25,1,2.32
1.5,2,2.65
1.03,1,2.16
1.08,1,0.0
2.17,1,0.0
1.53,3,2.95
2.43,1,0.0
0.58,1,1.96
0.7,2,2.15
5.26,1,0.0
0.87,1,2.26
2.0,1,0.0
0.8,2,0.0
1.27,2,2.82
2.2,0,2.0
1.76,2,2.56
1.02,1,1.76
2.06,1,2.46
3.31,1,2.0
2.13,1,1.38
0.7,4,0.0
0.81,2,1.76
8.2,3,0.0
18.4,1,7.0
1.07,1,0.0
12.97,1,9.08
0.42,1,0.0
2.99,1,0.0
1.38,1,2.66
1.5,1,2.25
0.87,1,0.0
6.11,5,5.68
3.6,1,4.66
3.61,3,4.06
1.2,1,0.0
1.48,1,1.75
18.38,5,10.0
3.1,1,3.75
0.74,1,2.06
0.67,1,2.16
3.21,1,3.96
0.33,1,0.0
3.67,1,4.56
0.9,1,1.25
1.58,1,3.58
1.49,4,0.54
1.66,1,1.43
0.65,2,2.06
1.3,1,1.95
1.2,1,2.16
1.2,1,0.0
0.65,1,2.16
0.6,1,0.0
0.68,1,1.0
0.89,1,0.0
3.5,1,3.66
1.96,1,2.0
3.11,1,3.46
0.8,1,2.16
2.03,1,3.06
0.77,1,0.0
2.2,1,0.0
1.02,2,2.06
1.9,1,1.85
3.54,1,4.26
11.23,1,0.0
0.89,4,1.0
0.77,1,0.93
1.37,1,2.6
2.6,4,3.26
0.8,2,0.0
2.99,1,3.36
17.4,4,16.45
1.27,1,1.13
1.87,1,0.0
1.02,1,2.16
2.93,1,1.0
1.74,1,1.0
19.19,1,11.06
2.1,1,2.75
2.23,1,2.56
4.22,2,0.0
1.23,5,2.06
0.52,2,1.56
0.98,1,2.06
3.0,1,0.0
0.89,1,2.2
2.6,1,3.35
0.9,3,1.96
0.57,1,1.17
3.35,2,2.84
1.64,2,3.45
0.4,5,1.0
1.07,1,2.16
3.37,3,0.0
0.83,1,1.76
0.9,1,2.0
1.1,2,1.65
0.88,2,0.0
0.6,1,1.7
1.2,1,2.05
1.18,2,1.0
3.1,1,0.0
1.6,1,2.15
13.0,2,0.0
4.0,1,5.3
1.65,1,2.56
1.0,1,1.85
0.37,1,1.56
3.29,6,0.0
1.16,1,2.32
1.4,2,1.0
3.9,2,3.66
1.34,2,2.26
8.79,1,5.96
1.6,1,1.0
1.9,2,0.0
3.2,2,2.0
0.61,1,1.0
13.49,3,0.0
1.55,1,2.66
2.08,1,1.0
1.2,2,2.15
14.12,2,10.45
1.33,1,0.0
9.14,1,6.66
3.34,1,3.56
0.87,1,2.49
6.95,1,0.0
2.81,1,0.0
1.51,1,0.0
1.52,1,0.0
4.39,2,2.0
0.39,1,0.0
2.35,1,2.36
1.2,1,0.0
0.2,2,0.0
2.3,2,2.56
2.89,1,3.06
4.8,1,0.0
18.88,1,7.0
1.4,1,0.0
12.0,2,10.7
1.0,1,0.0
1.5,1,0.0
10.44,2,0.0
1.55,1,2.26
0.94,6,0.0
0.79,1,0.0
0.58,1,0.0
0.9,1,1.65
1.7,4,0.0
1.42,1,2.36
0.8,1,1.75
3.0,3,0.0
2.3,1,0.0
0.45,1,2.19
1.2,1,1.54
1.03,1,1.0
2.82,1,2.37
0.44,1,0.0
1.7,1,1.0
0.91,2,1.66
1.3,1,2.82
2.67,1,0.0
3.49,1,2.96
0.6,1,1.55
1.3,1,0.0
0.98,5,1.76
1.19,2,0.0
0.43,3,1.5
1.64,1,0.0
1.21,1,1.76
1.4,2,1.77
3.02,1,0.0
1.06,2,1.0
0.41,1,1.36
2.17,1,2.66
1.7,1,1.0
10.41,4,0.0
1.7,3,2.45
3.0,2,3.35
2.8,5,3.16
0.97,2,6.0
1.5,1,0.0
0.6,0,2.3
4.72,1,2.75
1.0,1,1.85
1.08,2,1.2
1.64,5,0.0
0.9,4,2.0
4.03,1,3.56
0.85,1,1.0
1.37,1,0.0
4.94,2,4.46
1.3,1,2.55
0.84,1,0.0
1.0,0,2.9
0.51,1,1.46
20.36,1,12.28
5.9,2,3.5
1.4,1,0.0
1.74,1,2.56
1.3,1,0.0
0.8,1,2.05
0.12,1,0.0
3.0,2,0.0
1.1,1,0.0
1.9,2,2.55
1.1,1,1.96
1.53,3,0.0
3.98,2,3.56
1.27,2,2.06
2.15,1,2.66
1.84,2,2.16
0.7,2,0.0
0.56,2,0.0
0.8,1,0.0
0.76,1,1.56
1.0,1,1.0
1.0,1,0.0
1.41,1,0.0
1.4,1,2.15
0.7,1,1.5
2.65,1,0.0
1.37,1,1.96
1.17,2,0.0
4.1,1,4.06
4.4,4,0.0
1.61,1,2.16
0.66,1,1.56
1.88,1,2.46
3.73,1,4.16
1.84,1,2.0
1.27,1,1.4
0.8,1,2.2
0.04,1,0.0
4.9,2,3.0
1.1,3,0.0
2.81,1,3.06
3.29,1,2.0
1.03,1,1.96
0.7,1,1.65
8.4,1,6.3
2.7,1,3.26
1.09,1,2.32
1.34,1,2.36
0.78,5,1.96
1.4,1,0.0
9.4,1,5.22
2.65,1,0.0
0.6,1,1.95
0.76,1,1.96
1.4,1,2.0
0.5,1,0.0
0.55,1,1.76
2.39,1,4.29
2.09,1,2.86
1.31,2,0.0
3.1,1,0.0
1.72,1,2.36
1.3,2,0.0
13.33,1,0.0
3.11,2,4.78
3.7,1,0.0
1.7,4,3.15
1.57,1,2.36
1.2,1,2.05
1.82,3,0.0
1.88,1,2.56
1.46,5,0.0
1.82,1,1.0
0.8,1,0.0
3.33,2,3.56
2.98,1,0.0
0.0,1,5.0
1.91,1,2.2
0.84,2,2.79
1.34,3,2.16
1.19,1,3.24
2.1,2,3.55
1.88,1,2.86
2.0,2,2.95
0.64,3,0.0
10.3,1,0.0
0.56,1,1.76
1.91,2,1.0
2.89,1,4.2
25.2,1,0.0
2.96,1,3.26
0.75,5,1.4
1.3,1,2.46
7.81,1,4.0
0.77,1,1.0
2.09,2,0.0
4.48,1,0.0
2.29,2,1.0
5.58,3,1.0
7.02,1,0.0
1.0,1,1.5
1.2,3,2.25
2.67,5,2.96
1.13,1,2.06
4.9,1,0.0
4.14,2,2.0
1.05,2,1.76
2.05,1,2.0
1.59,2,2.06
0.4,1,0.0
6.7,2,5.65
8.34,1,0.0
7.88,1,2.78
1.0,1,1.85
0.9,1,1.76
10.3,1,7.0
4.43,1,3.36
5.39,5,0.0
0.5,1,0.0
2.2,1,1.95
0.7,2,1.65
3.9,1,0.0
24.73,1,0.0
0.46,1,1.46
1.6,2,0.0
2.11,1,0.0
0.73,6,1.56
3.9,1,0.0
4.61,1,0.0
1.9,0,2.0
1.76,1,2.45
1.7,4,0.0
2.4,1,2.85
8.84,1,5.0
4.0,3,2.0
0.9,1,1.76
1.41,1,0.0
1.31,1,0.0
0.94,1,1.36
1.8,1,1.85
1.13,1,1.76
1.4,1,2.95
1.4,1,0.5
5.1,1,0.0
1.74,1,0.0
0.54,1,0.0
1.01,1,0.0
2.27,1,0.0
0.9,2,0.98
1.1,1,1.96
11.19,1,8.78
3.0,1,3.35
4.39,1,0.0
0.77,1,2.06
4.22,4,2.08
0.99,1,0.0
1.32,1,1.86
10.47,1,7.78
0.6,1,0.0
1.09,1,1.86
2.06,4,2.0
1.5,1,2.5
3.38,2,3.36
6.84,1,6.7
0.4,2,1.35
1.23,2,2.06
2.1,5,1.86
1.9,1,3.45
0.6,2,1.0
0.83,2,1.56
0.87,6,0.0
0.69,1,1.0
1.1,1,3.0
2.9,1,0.0
1.26,1,0.0
2.2,2,2.0
0.7,1,1.75
0.51,1,0.0
6.4,3,2.68
0.46,2,2.04
1.9,1,2.0
0.6,1,1.45
1.3,2,0.0
0.8,1,1.0
2.45,1,2.76
0.95,1,1.96
0.7,1,1.0
1.35,1,0.0
1.41,1,1.0
1.21,1,2.06
2.72,1,2.76
1.33,1,2.56
1.69,1,2.56
0.94,1,2.94
18.61,1,15.35
2.1,2,2.96
9.77,1,0.0
8.2,1,4.0
1.08,1,1.26
1.0,1,1.76
3.99,3,2.0
4.14,1,0.0
0.97,1,0.0
4.4,2,0.0
1.06,1,1.96
0.79,2,1.24
1.4,2,0.0
2.77,1,3.86
4.44,1,3.76
0.4,0,1.35
7.8,1,8.4
8.43,1,4.0
1.9,1,2.45
15.51,5,6.0
2.98,1,2.96
1.1,2,0.0
0.5,2,1.44
0.63,1,1.25
8.95,3,7.78
1.3,2,0.0
1.0,1,1.75
3.19,1,4.45
0.68,5,0.0
1.91,1,0.0
4.18,1,0.0
2.9,4,1.7
0.43,1,0.0
1.68,1,2.0
2.11,2,2.0
18.86,2,8.0
0.99,1,1.0
1.15,1,2.16
1.04,1,2.16
1.2,2,1.95
14.06,4,0.0
11.8,1,0.0
0.6,0,1.45
9.24,1,6.98
2.6,2,2.95
3.58,1,3.56
2.0,2,2.26
10.2,0,0.0
4.98,1,4.16
3.14,1,0.0
2.04,4,1.5
1.1,1,0.0
1.84,4,2.06
8.63,1,8.6
2.64,2,2.5
2.4,1,2.15
8.48,1,0.0
5.22,1,4.26
16.77,4,10.0
7.07,1,5.16
0.7,1,0.0
0.75,1,1.66
10.07,1,0.0
18.5,2,11.78
2.1,1,1.0
0.3,0,0.5
12.21,1,0.0
1.33,2,2.06
0.0,1,0.0
0.59,1,0.0
5.74,1,2.0
0.37,1,0.0
1.8,1,0.0
2.91,1,1.5
2.8,1,2.86
1.8,2,2.95
2.5,1,2.5
1.91,5,0.0
1.83,1,3.39
1.0,2,1.0
0.5,1,1.1
6.45,1,5.56
0.3,1,1.8
0.56,1,2.95
3.88,1,5.82
1.3,1,1.0
1.28,2,2.36
0.5,1,1.66
5.58,5,5.46
0.94,1,3.32
1.47,5,0.0
1.44,1,2.96
2.65,1,0.0
0.52,1,1.46
1.04,1,2.06
1.6,1,2.15
2.8,1,2.75
5.28,2,4.66
3.5,1,0.0
1.92,3,0.0
7.68,1,6.68
1.6,1,1.7
3.1,1,3.55
1.63,1,3.96
4.06,1,3.2
3.9,1,3.35
0.76,1,0.0
1.08,1,0.0
3.3,1,2.0
0.99,1,1.86
1.6,1,1.0
0.9,1,2.0
1.13,5,2.06
3.99,1,0.0
3.36,1,4.0
2.9,0,3.16
0.85,1,0.0
0.63,1,2.49
4.15,2,3.0
0.9,2,1.95
7.3,1,3.0
0.2,1,2.45
0.98,1,0.0
2.6,1,4.05
0.76,2,1.76
1.11,1,2.0
0.0,4,9.86
1.4,1,0.0
2.73,1,0.0
1.28,1,0.0
0.8,5,0.0
1.3,3,3.0
2.49,2,3.0
2.1,1,2.45
0.88,1,0.0
1.17,1,0.0
1.23,1,0.0
0.6,2,0.0
1.9,1,0.0
1.2,0,2.0
2.29,1,0.0
0.9,2,1.0
3.11,1,0.0
0.49,1,1.46
1.6,1,2.15
0.0,2,0.0
12.92,2,11.96
1.0,1,1.0
1.1,1,1.5
3.02,1,0.0
1.5,4,3.08
0.7,1,1.0
2.1,2,2.95
2.3,1,1.53
1.1,0,2.0
1.6,1,2.65
0.5,1,0.0
1.44,6,2.82
0.8,1,0.0
2.44,2,3.36
0.92,1,2.16
1.16,1,1.7
1.8,1,5.0
1.1,1,1.65
0.91,1,1.0
0.8,1,0.0
1.07,3,2.16
1.59,1,2.46
0.47,1,0.0
2.5,1,3.15
2.0,1,0.0
2.0,1,2.65
0.72,1,2.45
0.0,1,1.7
1.6,2,2.0
2.05,1,0.0
7.45,1,7.76
1.66,3,2.46
1.49,1,0.0
1.6,1,2.45
0.86,5,1.46
0.9,1,1.7
2.41,2,3.06
0.96,1,1.5
1.4,1,2.55
1.63,1,1.08
1.16,1,2.7
0.6,1,0.0
2.1,1,2.46
0.61,1,0.0
10.1,1,4.0
0.96,1,1.96
1.89,1,1.5
2.76,1,3.26
5.6,1,4.56
1.39,1,2.7
11.73,1,8.68
1.49,3,2.16
1.76,5,2.26
1.09,1,3.09
2.04,2,2.2
3.43,1,0.0
4.05,1,0.0
0.71,1,1.66
2.76,1,4.2
1.02,1,1.96
0.9,1,0.0
1.25,1,3.24
6.79,1,0.0
2.57,1,3.26
0.5,1,1.55
2.2,1,3.7
2.38,1,2.86
1.19,1,1.96
1.4,1,2.05
6.33,1,4.56
5.87,2,2.08
3.16,1,3.36
11.7,1,7.25
1.5,1,1.08
2.71,2,3.16
2.2,1,2.75
7.68,1,5.0
18.13,1,0.0
11.34,1,0.0
2.5,1,3.3
3.3,1,5.2
2.07,1,0.0
0.5,1,1.55
3.7,1,3.55
2.3,1,1.77
1.7,0,0.0
0.83,1,1.76
3.2,1,3.35
3.2,1,0.0
22.89,2,10.0
0.73,2,0.66
2.07,1,0.0
4.14,1,0.0
0.87,1,0.0
0.8,1,1.17
1.59,1,2.0
1.3,2,1.95
11.4,1,0.0
0.01,1,0.0
3.28,1,2.52
2.42,1,1.0
0.9,1,0.0
2.91,5,0.0
1.51,1,3.06
0.81,1,1.76
0.48,1,0.0
1.07,2,0.4
1.38,1,2.26
1.21,1,0.0
3.9,1,4.95
0.7,1,2.26
3.92,5,4.06
1.93,5,2.0
2.3,1,2.86
2.62,6,3.06
12.09,1,0.0
2.7,1,3.15
1.87,1,2.56
1.4,1,1.18
9.9,1,7.5
1.36,1,2.0
1.61,1,2.16
0.0,1,0.66
2.12,1,1.5
0.76,1,1.76
2.9,1,3.65
0.4,1,1.46
1.0,1,2.05
0.5,2,1.2
10.29,5,0.0
3.44,6,3.56
0.7,1,0.0
2.2,1,2.0
1.0,1,0.0
1.29,1,2.25
1.33,5,3.99
1.71,6,2.46
2.23,1,3.06
1.72,1,2.36
0.75,1,0.0
0.19,1,1.26
5.56,1,4.76
1.59,1,1.0
2.32,1,1.33
0.85,1,1.16
0.92,1,1.86
1.3,1,0.0
0.9,2,2.9
0.5,2,2.3
1.42,1,1.46
1.02,1,2.06
1.63,1,0.0
0.5,2,0.0
13.5,0,0.0
0.55,1,0.0
0.72,1,1.96
1.41,2,2.36
0.52,1,1.82
0.0,1,10.4
18.52,1,3.0
1.95,1,2.76
3.0,1,1.0
0.46,1,1.46
9.84,1,5.86
5.98,1,0.0
3.2,1,0.0
0.76,1,1.74
0.3,1,0.0
1.2,3,2.0
1.73,1,2.56
0.39,1,2.19
0.93,1,1.76
1.86,1,2.46
1.0,1,1.0
0.42,5,1.56
1.02,1,1.96
3.58,1,0.0
1.4,1,2.25
2.08,1,2.2
1.55,1,2.26
17.46,3,12.28
3.1,1,2.0
2.61,1,0.79
6.6,1,0.0
1.6,1,2.25
0.3,1,0.0
1.2,2,2.05
0.09,1,0.0
1.21,1,0.0
1.7,2,0.0
0.6,1,1.85
1.56,1,2.16
0.5,1,0.0
3.03,1,0.0
2.3,4,0.0
0.39,5,0.0
0.4,1,2.49
1.37,2,1.0
1.97,1,2.86
2.91,1,5.19
0.96,5,1.5
1.11,1,1.77
3.29,1,0.0
1.7,1,1.0
1.04,2,0.0
1.21,1,1.96
2.1,1,2.96
0.56,1,1.86
1.0,1,0.0
17.03,1,13.18
0.92,1,1.96
1.17,1,0.0
3.2,1,2.08
1.49,1,2.0
0.4,1,0.0
1.7,2,2.66
5.83,1,4.96
1.6,1,0.0
4.68,1,3.12
1.34,2,2.26
0.92,2,1.7
0.52,1,0.93
2.52,1,0.0
1.4,3,1.23
1.77,1,2.33
0.76,1,0.0
1.7,1,2.0
0.6,1,0.0
1.4,1,2.01
3.5,1,3.65
21.42,1,13.18
4.63,1,2.0
0.5,1,1.75
2.39,1,2.66
3.7,1,3.76
2.6,1,3.06
1.32,2,2.16
1.11,1,1.0
1.05,1,1.0
1.64,1,2.26
1.0,1,0.0
7.35,5,5.56
2.23,1,2.56
1.09,1,0.0
2.07,1,2.2
1.0,1,1.55
19.2,2,17.0
1.25,1,2.06
9.21,5,6.86
1.59,6,1.18
1.24,2,0.0
2.87,1,2.0
2.01,1,2.46
4.21,1,3.0
0.88,2,0.0
7.5,1,5.96
1.6,1,2.36
1.18,1,0.0
5.1,1,5.05
1.2,1,0.47
0.5,1,1.55
9.95,1,5.0
5.7,1,6.95
2.7,2,3.0
1.6,1,3.5
3.28,1,0.0
1.08,3,1.96
1.07,1,0.0
2.78,1,2.66
1.44,1,2.46
7.28,4,1.0
19.58,1,25.0
2.97,1,3.16
1.74,1,0.0
6.37,3,4.76
5.5,1,2.5
4.76,1,0.0
1.55,1,2.16
2.01,1,2.46
1.21,1,0.5
6.6,1,1.0
0.3,1,0.0
0.7,1,1.56
2.1,1,0.0
1.28,1,0.0
2.76,3,2.0
2.7,1,3.06
0.84,1,2.45
0.8,6,1.2
3.68,1,0.0
1.18,1,1.0
0.88,1,1.76
9.27,4,0.0
1.8,1,1.0
1.8,1,2.95
2.23,1,2.56
0.95,2,0.0
2.47,1,5.04
1.28,1,0.0
0.58,1,2.2
1.9,1,1.5
0.8,6,0.0
0.76,2,1.76
1.41,1,1.0
3.2,1,3.95
1.02,1,0.2
3.35,1,3.56
2.2,1,0.0
3.83,1,0.0
1.6,1,0.0
2.6,1,4.2
1.81,1,0.0
1.35,1,1.77
0.72,2,0.0
2.16,6,0.0
1.75,3,2.96
1.77,1,2.09
0.3,1,1.35
1.21,1,0.0
2.07,1,3.76
1.22,3,1.0
0.8,1,2.2
0.7,1,1.95
2.0,3,3.06
1.7,1,2.76
0.08,5,0.0
0.98,1,0.0
0.94,6,0.0
2.08,1,0.0
2.1,1,2.2
0.3,1,0.0
0.6,2,1.66
0.5,1,1.65
1.49,1,3.26
1.3,1,0.0
1.18,1,2.0
3.62,1,4.26
0.8,1,0.0
2.16,5,2.0
0.75,3,1.66
2.6,2,3.0
2.15,5,1.23
8.76,1,6.16
0.48,2,0.0
0.5,1,2.2
5.3,1,0.0
1.74,1,2.76
1.11,1,1.03
1.8,1,2.85
4.11,5,4.46
2.38,1,2.76
1.57,6,3.56
1.79,1,2.76
0.8,1,0.0
0.73,1,1.76
1.12,3,1.47
0.6,1,2.08
0.0,1,0.0
2.16,1,2.86
3.58,4,1.0
0.65,2,0.4
2.14,2,0.0
2.63,1,3.46
0.4,1,1.65
0.67,1,1.76
0.68,1,2.64
1.3,1,2.0
0.53,1,1.56
1.25,1,2.16
0.7,1,2.49
0.83,1,2.26
1.09,1,2.26
0.42,1,0.0
3.0,1,3.0
1.8,1,2.75
1.15,1,2.16
1.45,4,2.56
0.89,1,0.0
2.33,1,3.95
0.9,1,2.05
1.35,1,6.0
2.14,1,1.0
1.33,4,0.0
2.7,0,0.0
2.37,1,1.2
1.02,3,1.86
2.09,1,3.16
4.4,0,0.0
1.22,2,2.16
1.99,1,0.0
1.14,2,2.82
1.9,1,3.45
2.62,4,3.0
1.6,1,3.15
1.74,2,1.0
2.39,1,3.36
3.58,1,3.56
1.7,1,2.3
10.81,1,4.0
2.4,1,1.5
0.75,1,1.96
0.4,2,0.0
5.15,1,0.0
1.2,1,3.35
1.26,1,1.0
1.51,1,1.0
4.1,1,4.36
2.64,2,0.0
2.47,1,0.0
1.93,2,2.5
0.89,1,2.0
2.11,5,2.96
1.27,1,0.0
0.48,1,1.76
1.7,1,2.56
1.16,1,0.0
1.22,2,0.0
2.2,1,2.96
1.86,1,2.46
0.45,2,0.0
4.56,1,4.16
1.81,1,2.46
6.98,1,5.76
2.75,1,4.45
0.5,1,2.3
3.1,1,3.35
0.5,1,0.87
0.3,1,1.45
1.8,1,0.0
4.0,1,0.0
0.0,1,0.0
6.59,1,4.86
7.7,0,5.65
0.8,1,1.75
0.14,1,0.0
3.8,1,3.66
0.8,2,1.65
0.9,1,1.0
1.85,1,2.46
2.36,2,2.3
2.5,1,4.0
1.12,1,0.0
9.08,1,6.36
1.5,1,2.8
1.2,2,1.62
8.2,1,3.0
0.38,1,1.0
3.2,1,3.95
1.61,1,2.7
1.9,5,2.76
5.2,1,2.0
0.79,1,0.0
24.24,1,0.0
3.9,1,3.25
9.1,1,7.45
10.61,1,6.0
3.3,1,2.3
2.93,5,2.96
7.27,1,5.66
0.44,6,1.56
0.0,1,0.0
0.68,1,0.0
5.38,1,4.56
1.36,1,0.0
0.9,1,0.0
2.52,1,1.5
0.56,1,0.1
1.49,3,2.7
0.7,1,1.65
19.5,1,11.05
4.04,1,3.76
1.6,1,0.0
2.9,1,2.0
1.64,1,1.0
0.87,2,2.79
2.35,1,0.0
0.35,1,0.0
1.2,4,0.0
14.74,5,3.0
0.48,1,1.56
0.0,1,0.76
1.18,1,1.96
0.52,1,1.56
0.54,1,0.0
8.0,4,0.0
1.8,1,1.03
1.97,3,2.26
1.89,1,3.16
1.23,1,2.06
3.2,3,1.0
0.61,1,0.0
1.65,2,0.0
1.22,2,1.0
1.11,1,1.0
0.56,1,3.45
5.9,1,0.0
1.8,1,2.75
4.98,1,4.86
1.0,1,1.11
0.6,1,1.65
2.72,1,1.73
1.69,1,0.0
0.9,1,1.75
3.91,1,3.0
1.3,1,1.76
0.59,1,3.0
1.77,1,0.0
2.89,1,0.0
1.3,0,2.7
0.88,2,2.0
1.04,1,1.96
0.63,3,2.16
1.48,1,0.0
1.8,1,4.2
7.03,1,6.26
1.3,1,2.15
0.5,1,2.35
0.52,1,0.0
1.21,1,1.96
1.5,1,2.56
2.13,1,0.0
0.5,1,1.45
1.01,1,0.0
0.4,1,1.47
1.3,1,2.75
17.83,2,0.0
0.87,1,2.26
0.67,1,2.58
0.63,1,1.66
2.16,1,4.14
1.52,1,3.36
2.0,1,1.0
1.2,1,0.95
0.6,1,1.0
9.93,1,9.24
0.8,1,1.85
1.17,1,2.46
0.9,1,1.7
3.23,1,5.94
1.62,1,2.46
0.86,1,2.06
1.98,1,3.06
9.9,1,9.57
8.15,1,0.0
1.01,1,1.86
0.8,2,2.15
1.04,2,1.6
1.4,3,3.35
4.2,1,3.0
2.0,2,2.95
0.5,1,1.76
0.3,1,1.8
0.89,3,2.06
0.53,1,2.0
8.37,1,3.99
2.0,1,2.76
0.0,1,1.46
2.21,1,3.16
11.22,3,8.58
0.69,1,0.0
2.01,1,2.96
2.39,1,3.26
1.0,1,1.0
4.0,2,3.65
1.9,2,0.0
4.4,2,0.0
15.9,2,6.14
0.6,1,1.0
0.91,1,0.0
1.7,1,2.86
2.86,1,2.52
1.02,6,2.06
0.69,5,2.16
0.53,1,1.4
2.0,1,2.85
0.8,1,0.0
0.94,1,0.0
0.96,1,0.0
0.68,2,0.0
0.43,1,1.0
0.0,3,13.16
0.3,1,1.55
1.83,1,2.76
0.83,1,1.96
0.67,2,2.32
2.65,2,3.26
3.6,1,5.55
1.1,3,0.0
0.18,2,0.0
10.6,1,8.25
1.3,1,2.15
1.4,1,2.65
0.5,3,0.0
0.9,1,2.25
1.7,1,0.0
10.79,2,8.68
1.3,0,2.65
5.15,5,5.66
1.4,2,0.0
3.66,1,0.0
15.77,1,11.96
12.18,2,0.0
1.2,1,2.25
18.62,6,0.0
1.28,1,2.95
1.22,2,2.36
0.7,1,2.0
1.9,1,1.7
0.88,1,0.0
2.45,1,1.2
1.14,1,1.62
0.3,1,0.0
0.79,3,1.0
1.7,0,1.5
2.16,1,1.0
0.67,1,2.06
2.12,1,3.06
21.28,1,9.89
2.3,1,3.25
1.91,1,2.76
1.1,2,4.0
1.52,1,1.77
4.2,1,4.35
6.8,1,2.0
1.7,1,1.0
1.31,1,3.09
1.45,1,1.5
2.69,1,1.75
2.2,1,2.46
1.24,2,0.0
8.4,1,0.0
0.65,2,1.66
8.0,1,5.55
1.7,1,1.0
2.3,1,2.85
1.6,1,2.45
0.53,1,0.0
1.92,6,0.0
9.33,1,6.76
0.43,2,2.49
1.22,1,1.54
2.42,1,0.0
6.01,1,2.0
1.07,1,2.16
16.22,1,9.46
2.3,1,2.96
0.8,1,1.65
1.27,1,1.5
2.0,1,1.0
1.26,1,2.36
2.3,2,2.66
4.59,1,0.0
1.53,1,2.36
1.67,1,2.46
1.7,1,0.0
3.42,2,0.0
5.96,1,5.46
1.3,2,2.35
1.8,1,1.0
0.35,5,0.0
2.7,1,0.0
4.36,2,3.04
1.4,1,1.2
3.18,2,5.19
0.55,1,0.0
1.58,1,3.2
0.49,1,0.0
2.85,1,0.0
1.5,1,2.2
6.4,2,0.0
0.75,1,1.0
9.71,2,0.0
0.71,3,2.08
13.17,1,0.0
1.4,1,0.0
2.0,2,0.0
3.6,1,0.0
0.6,1,0.0
1.5,2,1.55
2.38,1,0.0
3.9,1,0.0
0.92,1,0.0
0.8,0,1.65
8.4,1,0.0
1.7,1,2.26
2.38,2,2.86
3.8,1,0.0
0.1,1,1.15
0.67,1,1.0
0.9,1,0.98
19.5,2,15.35
2.5,1,3.8
1.69,1,1.0
20.87,1,0.0
5.2,1,5.0
0.55,6,1.74
0.67,1,1.32
2.39,1,3.26
1.2,4,2.05
0.52,1,0.88
0.74,1,0.0
0.6,1,1.95
3.0,1,2.52
3.08,5,0.0
1.33,1,2.45
3.06,1,0.0
0.8,1,0.0
0.4,1,1.45
6.05,2,0.0
1.54,5,1.0
0.65,6,1.96
0.0,1,0.0
3.25,1,3.26
0.36,1,1.36
5.8,1,5.0
1.97,1,3.16
0.98,1,1.3
0.78,1,2.36
0.69,1,1.66
2.73,1,4.56
2.86,1,4.66
1.47,1,2.0
1.15,1,0.0
0.83,2,1.56
2.95,1,0.0
1.98,1,0.0
0.75,1,1.06
1.32,1,2.26
16.66,2,12.28
23.6,1,19.18
0.68,1,1.96
1.22,2,2.66
0.2,1,0.0
0.7,1,0.75
1.6,1,1.0
1.65,1,0.0
1.66,6,2.86
7.15,1,3.87
1.83,1,2.46
0.8,1,1.47
1.28,1,0.0
1.5,1,2.45
0.68,1,0.0
1.45,1,2.82
2.1,1,0.0
0.7,1,1.85
1.1,5,0.0
0.93,2,1.76
4.3,1,0.0
0.7,1,1.0
4.2,2,5.0
0.65,1,1.66
1.66,2,2.56
9.22,1,0.0
1.2,1,0.0
1.05,1,2.06
1.02,1,0.0
1.6,1,2.45
3.9,1,0.0
0.6,1,0.0
1.7,0,0.0
6.6,2,0.0
0.61,1,0.0
0.9,1,2.05
0.99,1,1.86
2.1,1,2.0
0.72,1,0.0
1.0,1,0.0
0.0,1,0.0
2.5,1,3.16
0.4,1,1.66
4.77,1,3.0
0.01,1,0.0
18.8,1,12.25
1.65,1,2.56
1.6,1,1.0
2.9,1,0.0
1.5,1,2.55
4.8,1,4.55
1.19,1,1.86
1.03,1,0.0
3.0,1,0.0
2.55,1,3.66
0.0,1,0.0
1.9,1,2.0
0.25,3,0.0
0.6,1,0.0
1.56,6,2.16
2.67,1,1.5
2.38,1,3.06
5.46,1,4.26
0.7,1,2.15
10.3,1,9.28
0.9,1,1.08
0.96,2,2.82
6.04,1,6.28
5.09,1,0.0
5.27,2,0.0
3.08,1,0.0
1.5,2,2.55
5.03,1,1.0
17.26,2,13.18
1.18,1,0.0
2.75,1,3.16
3.33,3,4.36
0.5,1,1.85
0.9,2,2.06
0.47,1,1.76
0.64,5,1.7
1.2,6,3.0
3.8,1,5.45
1.49,1,3.26
1.9,3,0.0
1.1,1,0.0
0.99,5,0.0
0.9,1,2.0
3.67,1,4.7
0.59,1,0.0
5.95,3,0.0
4.22,3,5.08
1.41,3,2.56
2.24,1,2.96
0.71,1,2.0
0.6,3,0.0
1.36,1,2.95
0.77,1,1.0
1.36,1,2.26
1.83,1,0.0
18.1,1,13.15
1.65,1,2.56
1.3,1,4.25
2.31,1,3.66
1.8,1,3.3
0.57,1,1.76
4.17,1,4.56
2.09,1,2.0
0.76,6,1.86
1.61,6,2.76
1.76,2,2.86
18.7,0,10.0
2.8,1,3.36
1.19,2,1.08
0.95,1,0.0
1.6,2,1.7
0.75,2,0.0
1.65,1,2.0
3.8,1,1.0
2.4,2,3.15
0.92,1,2.06
2.89,1,3.66
0.8,1,1.0
1.96,4,2.66
1.1,1,1.55
1.0,0,1.0
9.4,1,7.85
3.2,3,4.05
7.85,1,6.78
2.1,1,3.7
0.52,1,1.56
0.81,1,1.96
1.31,1,2.06
0.6,2,0.0
2.3,4,2.95
0.8,1,2.0
2.28,1,2.66
1.28,1,2.83
2.14,3,0.0
0.8,1,2.05
1.1,1,1.95
6.95,2,4.0
1.7,1,2.36
2.72,6,0.0
1.9,1,2.66
11.54,5,14.83
14.87,1,12.28
1.53,1,2.16
5.92,1,6.95
1.1,2,0.0
0.77,2,0.0
1.31,1,2.25
2.76,2,3.26
1.4,1,1.7
4.28,5,4.06
17.2,1,11.05
0.43,1,1.0
1.9,3,0.0
2.26,1,0.0
1.1,1,2.35
3.51,5,3.66
5.37,2,0.0
4.09,1,2.0
0.74,1,2.2
3.66,5,3.06
0.7,1,1.66
0.8,1,0.0
7.88,1,6.78
2.75,1,3.95
1.3,1,2.25
1.06,3,0.0
1.14,3,0.0
3.2,1,3.55
0.92,1,0.0
3.0,1,2.76
0.9,1,1.95
2.6,3,0.0
1.7,1,1.0
0.0,1,2.95
1.43,1,1.96
1.1,1,2.3
2.18,1,0.0
3.27,1,3.16
1.5,2,2.35
1.64,1,2.26
0.8,1,0.0
1.0,2,0.0
1.63,4,2.16
6.59,2,4.86
1.36,1,0.0
1.31,2,2.16
4.77,1,3.96
6.38,1,5.06
9.13,3,0.0
1.86,1,3.2
0.98,3,0.0
1.65,1,0.0
0.7,1,1.55
0.0,2,0.0
8.54,2,4.07
0.43,3,0.0
8.6,1,8.7
1.2,0,2.35
2.9,0,0.0
1.58,3,1.96
1.96,1,0.0
2.45,5,2.86
8.02,1,6.48
5.7,1,5.58
0.91,1,1.76
3.1,1,0.0
0.6,1,1.95
1.5,1,0.0
10.8,2,10.55
1.21,1,2.06
1.0,3,2.26
1.04,1,0.88
2.92,1,2.37
1.2,1,1.0
0.8,1,0.0
2.25,1,2.36
0.8,1,0.0
1.0,1,1.75
1.9,1,0.0
0.5,1,1.0
1.34,2,2.06
1.07,2,2.16
2.75,1,3.16
0.97,1,2.32
1.59,1,0.0
1.54,1,1.03
0.0,1,0.0
1.6,1,1.95
0.21,1,12.28
0.5,1,1.17
0.54,2,1.56
1.05,1,1.0
3.48,2,3.46
0.84,1,1.76
1.3,1,1.0
19.35,1,14.73
2.0,1,3.15
1.4,2,1.28
1.2,1,1.95
2.77,1,3.16
1.7,1,2.15
1.3,1,1.75
0.69,2,1.56
1.17,1,1.0
3.12,1,1.0
1.7,1,0.0
0.8,1,1.0
0.94,1,0.0
0.93,1,1.5
1.2,1,1.0
13.7,1,6.0
0.51,1,0.0
0.0,1,0.0
2.41,6,2.3
5.9,1,4.65
0.9,2,0.7
1.4,1,0.0
0.81,1,1.86
0.82,1,1.76
0.7,2,0.0
0.67,1,1.66
0.8,0,0.0
22.76,2,12.28
0.7,1,1.55
0.75,1,1.76
1.72,1,1.8
1.2,3,0.0
1.7,1,4.0
1.8,1,2.55
2.77,1,0.0
1.63,1,2.56
1.1,1,0.0
2.8,1,2.86
1.73,1,0.0
1.58,1,2.46
3.46,2,3.0
2.9,1,0.0
2.7,1,3.55
5.88,1,2.5
3.71,1,1.0
2.7,1,2.95
1.6,1,3.05
1.6,4,0.0
0.8,1,1.0
5.36,2,2.0
1.1,3,3.0
4.9,0,8.0
5.01,6,2.58
1.72,1,2.26
1.63,1,2.06
0.86,1,0.0
2.29,2,0.0
0.98,1,1.96
0.99,2,1.5
0.88,1,1.86
1.25,2,0.0
1.13,2,0.0
1.8,0,1.0
0.8,2,1.96
0.57,2,0.0
1.1,2,1.96
0.94,1,1.86
0.59,1,1.46
0.8,2,2.05
3.42,1,5.2
1.7,4,0.0
0.8,2,1.0
3.44,1,2.0
0.92,1,2.06
11.63,1,5.0
3.3,1,0.0
1.49,1,0.0
1.2,1,2.0
1.8,2,1.85
0.94,3,0.0
1.0,4,1.0
1.34,6,1.54
2.97,1,0.0
2.28,1,2.96
1.6,3,2.96
1.6,1,2.55
1.65,1,2.26
1.2,1,2.45
1.3,1,1.77
0.06,1,0.0
2.07,2,2.0
19.02,5,0.0
1.12,1,1.96
2.3,1,3.15
1.0,2,0.0
0.8,4,1.95
1.96,1,1.43
1.65,2,0.0
0.85,1,1.76
1.49,2,0.0
1.48,2,0.0
3.55,2,0.0
0.42,2,1.66
0.98,1,1.76
2.7,3,3.05
0.94,1,0.5
3.7,2,2.0
8.35,1,6.06
2.43,1,4.59
1.54,1,3.08
0.48,2,0.0
0.72,1,0.0
0.82,1,0.0
1.09,2,2.94
1.16,1,2.0
0.9,1,2.06
2.52,4,3.26
0.3,1,0.0
0.83,2,1.03
17.28,1,12.28
4.4,1,1.0
0.88,1,2.0
3.19,1,2.67
0.8,1,2.2
1.24,1,0.0
1.0,1,0.0
1.92,1,2.46
0.52,1,1.0
0.99,1,0.0
1.32,1,1.54
21.8,2,10.0
2.74,1,2.0
1.95,2,2.76
2.44,1,0.05
2.47,1,1.0
1.67,1,2.86
4.0,1,4.7
1.82,1,0.0
6.33,3,5.16
1.6,1,0.0
1.47,1,2.16
2.18,5,2.2
1.17,2,2.36
2.94,1,4.06
1.02,1,2.0
0.6,1,0.0
3.63,1,3.56
5.51,1,1.0
3.77,1,1.0
1.47,1,2.16
3.2,1,0.0
1.2,3,1.2
3.43,1,0.0
2.69,5,2.0
2.6,2,3.05
2.89,2,2.86
1.9,1,0.0
1.48,1,0.0
0.8,1,1.0
2.7,2,3.15
2.53,3,0.0
1.53,1,2.06
3.13,2,3.46
5.12,1,4.66
1.9,3,0.01
6.65,1,0.0
1.26,1,0.0
18.52,3,0.0
3.36,1,3.16
1.66,1,2.06
0.47,3,0.0
1.11,1,0.0
1.89,6,3.26
0.47,1,0.96
1.53,1,0.0
1.5,1,2.36
0.57,5,0.0
10.56,3,5.84
4.28,2,3.56
0.1,1,0.0
2.91,1,2.0
4.21,1,5.34
0.98,1,2.06
2.94,1,2.96
4.21,1,0.0
22.0,1,6.2
1.53,2,2.0
0.8,1,1.11
0.6,0,0.5
0.5,1,2.05
16.07,1,8.96
0.6,1,1.95
1.15,5,1.67
1.15,1,2.94
0.8,4,0.0
6.69,3,7.74
5.23,1,0.0
1.98,1,2.0
0.6,2,1.0
0.98,1,0.0
1.3,2,2.0
2.8,3,0.0
1.0,1,1.95
0.6,1,1.65
3.1,1,3.55
5.61,3,0.0
0.51,1,2.0
2.46,1,2.66
0.72,1,2.46
2.2,1,2.35
1.09,1,1.86
0.6,1,1.0
8.46,2,4.0
1.19,2,2.26
3.99,1,2.5
6.2,1,0.0
1.49,1,0.0
2.42,3,2.86
5.48,1,6.28
9.93,2,8.0
8.42,2,7.45
0.9,1,0.0
3.53,4,0.0
2.6,1,0.0
1.88,1,2.36
2.32,1,1.0
0.98,5,0.0
3.22,1,0.0
9.9,1,6.0
1.29,1,0.0
10.83,1,8.48
0.8,2,0.0
1.26,1,0.0
0.83,1,1.76
0.4,2,1.65
1.4,0,1.85
2.05,1,2.96
2.2,2,2.86
2.88,2,2.96
0.7,6,1.0
1.8,1,1.77
2.72,1,3.58
8.49,2,12.28
0.7,1,2.45
0.72,1,1.56
0.8,1,1.0
0.9,1,1.75
0.6,1,1.66
3.22,2,3.86
18.4,1,9.0
10.7,1,0.0
1.19,1,3.24
0.46,1,1.46
2.3,6,4.32
3.9,2,0.0
0.63,1,0.0
4.94,1,3.34
0.5,1,0.0
0.42,1,0.0
1.24,1,2.06
1.06,1,0.0
1.64,1,0.0
1.58,3,2.46
1.7,1,2.0
1.07,4,0.0
0.5,1,2.06
1.5,1,2.26
9.32,2,7.68
1.83,1,3.0
8.46,1,7.88
1.9,1,3.05
1.83,1,0.0
9.9,0,6.35
0.8,1,0.0
1.9,1,0.0
10.41,1,0.0
0.6,1,1.0
0.8,1,1.95
2.22,1,0.0
0.9,1,1.85
0.51,1,1.0
0.0,2,0.0
1.85,1,2.2
2.46,1,2.0
0.59,1,2.2
0.48,1,2.0
1.21,1,2.06
0.58,1,1.66
1.17,1,2.32
1.89,1,2.46
0.66,1,0.0
4.05,2,3.5
20.4,1,3.0
4.2,1,5.3
3.17,4,0.0
0.99,1,1.96
3.08,2,3.26
0.7,1,2.0
2.2,1,2.15
0.9,1,1.65
0.7,1,1.85
0.44,1,1.82
1.81,1,2.46
1.16,1,2.94
12.22,1,0.0
1.11,2,0.0
2.24,1,0.0
9.03,1,0.0
11.54,1,9.7
3.03,1,0.0
0.58,1,0.0
13.6,1,8.25
1.01,1,2.2
1.43,5,2.45
1.15,3,0.0
1.45,1,1.7
6.7,2,0.0
3.46,1,4.89
9.03,1,4.0
1.2,1,1.0
0.4,1,1.45
9.42,1,0.0
14.4,1,10.9
0.58,1,0.0
5.3,1,2.0
0.62,1,0.0
3.76,1,2.0
1.1,1,1.95
1.4,1,2.0
1.5,2,2.05
4.34,6,0.0
1.68,2,0.0
6.0,1,5.35
3.27,2,1.0
3.6,1,3.75
2.65,1,2.0
1.52,1,1.76
1.06,1,1.0
1.22,1,1.96
3.07,1,2.0
2.09,1,2.86
3.11,1,5.79
1.23,5,2.36
0.5,0,1.45
0.8,1,1.0
1.23,2,0.0
1.64,1,2.5
0.96,1,1.66
13.9,1,10.95
1.27,2,1.3
0.62,1,0.0
2.2,1,1.0
5.67,1,5.0
1.03,1,2.0
1.6,1,2.0
0.8,1,1.0
1.9,1,2.75
1.46,5,1.0
0.4,1,1.35
1.06,2,1.2
2.09,1,4.76
0.0,1,0.0
2.4,1,0.0
0.51,1,0.0
0.65,3,1.66
0.7,1,1.85
0.8,1,2.75
1.1,1,2.2
0.6,1,0.0
2.0,3,4.85
0.95,1,1.0
17.79,1,10.0
2.29,1,0.0
0.8,1,2.5
2.23,1,2.07
2.26,1,2.66
1.8,1,3.55
0.9,1,2.06
4.23,2,3.7
1.9,1,0.0
0.7,1,2.0
0.0,1,6.0
1.37,1,0.0
1.45,1,2.76
1.7,2,0.0
0.83,1,0.0
2.5,1,2.0
1.4,1,4.25
1.2,1,2.0
2.18,1,1.7
10.23,1,8.58
3.96,1,3.96
3.2,6,4.2
0.8,1,2.05
1.0,1,0.0
1.28,1,2.46
4.87,3,0.0
3.3,1,4.35
2.45,6,0.0
3.3,1,3.95
2.2,1,0.0
1.7,1,1.0
1.11,5,0.0
8.6,1,0.0
11.2,1,8.0
1.98,1,1.7
1.9,1,2.56
3.5,1,0.0
2.05,1,2.36
17.44,1,2.0
3.5,1,0.0
1.1,1,0.0
1.4,1,2.85
2.88,1,4.7
2.73,1,0.0
1.4,1,2.45
0.8,1,0.0
1.11,2,2.16
0.51,2,1.66
1.5,1,3.15
1.03,1,0.0
0.5,2,1.65
3.01,2,2.0
1.1,0,2.15
1.38,1,1.0
1.93,1,2.96
2.4,2,3.15
11.5,1,0.0
0.7,1,1.66
1.0,0,1.7
1.2,3,0.0
0.7,2,0.0
2.04,1,2.66
6.1,1,5.36
3.16,3,1.5
1.84,5,2.95
0.0,0,31.08
2.14,1,0.0
0.82,6,1.96
0.8,1,2.05
1.7,1,2.65
0.5,1,0.0
0.0,1,0.0
3.02,1,3.46
1.5,1,0.0
1.69,5,0.0
8.06,1,0.0
1.92,1,0.0
1.6,1,3.99
1.27,1,0.0
0.58,1,2.16
0.8,2,1.95
0.7,1,0.0
1.6,1,2.75
0.71,1,0.0
0.7,1,1.95
1.05,1,2.46
3.13,1,2.0
1.12,1,2.56
1.8,1,2.65
0.6,3,1.85
2.7,1,3.75
19.01,1,16.48
0.0,1,0.0
1.2,1,2.15
1.84,1,0.0
1.2,1,2.16
1.07,5,1.13
1.33,1,3.39
4.52,1,4.56
0.9,1,2.21
0.98,1,2.46
0.77,1,1.76
1.4,1,2.0
1.59,2,2.56
0.93,1,1.3
5.4,1,1.2
5.2,1,2.0
1.42,1,1.2
1.59,1,2.0
7.0,2,7.3
4.2,1,0.0
0.43,2,1.66
7.02,1,5.46
1.3,1,2.35
0.72,1,1.86
5.21,1,0.0
1.48,1,0.0
1.27,1,1.96
1.0,3,2.55
15.37,1,2.46
2.0,1,2.55
3.0,1,3.36
2.69,2,0.0
0.5,1,1.45
8.8,1,11.05
3.49,1,3.26
0.5,1,0.88
2.66,4,3.95
1.59,2,2.56
1.32,4,0.0
1.0,1,0.0
1.61,1,2.18
14.41,1,12.36
1.2,2,2.15
4.3,2,0.0
1.03,1,1.86
1.66,1,0.0
11.1,1,8.15
0.75,1,1.86
2.14,1,1.0
3.02,1,4.29
1.1,1,0.0
4.01,1,0.5
2.5,1,2.95
1.97,3,2.66
1.97,1,3.99
1.5,1,2.45
1.09,2,1.86
5.98,1,4.46
1.52,2,2.16
3.71,5,4.2
1.28,2,2.45
5.9,1,0.0
0.85,1,1.86
3.0,1,1.0
12.12,1,9.45
0.23,1,0.0
1.1,1,1.85
2.1,1,3.16
4.0,1,0.0
1.6,1,1.13
3.24,1,3.16
6.1,0,5.15
1.6,0,2.0
1.11,1,0.0
7.12,1,6.08
3.4,1,4.2
1.26,1,2.94
1.31,1,0.0
1.3,0,0.0
0.94,1,2.0
0.9,1,1.15
1.68,1,1.0
2.76,3,2.76
0.4,1,0.0
2.4,1,3.55
2.08,1,2.76
5.85,1,4.46
1.61,1,2.56
1.79,1,2.0
1.5,1,2.25
0.97,1,2.36
0.4,2,9.05
1.08,1,1.76
5.12,1,4.26
7.3,1,0.0
2.8,5,2.37
1.49,1,0.0
0.53,1,0.88
1.2,1,1.85
2.35,3,2.7
1.45,1,2.26
1.13,1,2.64
1.37,5,2.46
1.61,1,0.0
1.09,1,0.0
3.38,1,2.2
1.06,1,3.86
1.49,1,1.0
0.31,1,1.02
9.96,1,8.78
0.73,1,0.0
3.45,1,0.0
3.26,3,3.86
2.33,1,2.76
2.23,1,2.66
1.1,1,2.16
0.8,1,0.0
1.12,6,2.79
0.58,1,1.4
0.79,1,6.09
1.2,1,2.8
1.1,1,0.0
1.54,1,0.0
1.84,1,2.46
0.8,1,2.16
3.24,1,0.0
0.8,1,0.0
1.38,1,2.76
5.18,1,5.56
0.85,1,0.0
0.79,1,0.0
3.9,1,0.0
2.1,1,1.5
1.0,1,3.0
0.95,1,1.76
4.26,1,4.06
3.15,2,3.76
2.7,1,2.85
0.79,3,0.0
1.17,2,2.26
0.37,1,1.46
0.9,1,1.85
1.43,1,2.26
0.6,1,1.7
1.54,1,2.36
0.8,1,2.0
5.7,1,5.25
0.62,1,2.79
0.01,1,0.0
1.09,1,2.46
2.03,5,0.0
1.36,2,2.56
0.5,1,0.0
5.12,1,3.5
1.6,1,2.35
1.2,1,2.25
2.32,1,3.95
0.55,2,1.46
1.39,2,2.26
17.74,5,12.28
1.4,1,0.0
1.05,1,1.86
2.1,1,0.0
1.04,1,1.86
0.6,1,2.45
2.47,1,3.16
1.34,4,1.0
15.08,1,0.0
0.4,1,1.0
0.96,5,1.96
0.91,3,1.76
1.8,2,1.0
0.3,1,0.75
0.8,1,2.06
5.45,1,4.36
3.0,2,4.36
0.48,1,2.2
2.1,2,1.0
0.58,1,0.0
10.84,1,0.0
1.3,1,0.0
2.32,1,0.0
0.65,1,2.08
8.1,1,0.0
2.31,1,1.98
4.8,1,0.0
16.92,1,0.0
1.2,1,0.0
1.8,1,0.0
10.06,2,11.1
1.78,1,1.62
2.07,2,2.66
3.1,1,0.0
1.1,2,3.0
1.0,1,0.0
0.7,1,0.0
0.82,1,1.86
3.69,1,0.0
4.15,1,6.09
1.44,1,3.54
0.6,1,0.0
1.6,2,0.0
1.2,1,2.15
1.24,1,0.0
1.05,1,0.0
1.31,1,0.0
1.4,1,2.65
1.7,1,0.0
0.79,1,2.06
0.76,1,0.0
0.4,3,1.7
0.96,3,0.0
3.83,1,2.0
0.96,2,2.26
0.68,1,0.0
7.48,1,6.76
9.8,1,6.0
2.6,1,4.05
3.43,1,2.0
0.6,1,1.0
1.2,1,1.13
0.5,1,1.7
1.2,1,3.05
0.64,2,1.47
2.58,1,0.0
0.51,1,1.76
1.5,1,1.0
11.5,0,9.25
3.36,1,4.36
9.78,4,5.0
4.3,1,0.0
2.35,1,2.5
1.3,1,3.5
0.4,1,1.75
0.76,1,1.0
1.12,1,0.0
1.04,2,1.0
1.19,1,2.36
1.31,1,0.0
10.3,1,9.75
0.87,1,1.96
1.1,1,2.15
0.61,1,1.25
5.22,1,5.46
3.85,1,2.97
3.1,1,3.86
1.8,1,2.76
2.5,1,1.2
3.8,1,3.65
1.3,1,0.0
1.36,2,2.46
2.02,1,3.36
1.84,2,2.56
0.8,2,2.9
1.7,1,1.0
0.49,1,1.66
2.0,1,4.08
6.1,1,0.0
1.2,1,2.0
8.4,1,9.2
0.4,1,1.25
1.26,4,2.26
2.96,2,0.0
2.19,1,0.0
7.26,2,6.06
0.0,1,0.0
1.14,3,2.45
0.77,1,1.57
3.2,1,4.45
2.2,1,3.06
1.03,1,2.33
1.13,1,2.06
1.93,1,3.84
5.98,6,4.76
2.2,1,2.0
5.46,2,0.0
7.4,1,12.25
1.66,1,2.36
2.71,1,2.22
6.87,5,6.2
1.3,1,2.45
0.64,1,1.0
4.25,1,0.0
1.28,1,0.0
5.39,1,2.83
1.76,2,1.5
0.99,1,1.54
1.83,1,3.08
1.3,3,2.16
3.15,1,2.86
1.6,1,0.0
1.27,3,2.26
7.71,2,6.82
3.74,3,3.2
5.86,1,4.0
0.6,1,0.0
2.9,1,2.96
3.15,1,1.0
4.29,6,4.06
1.98,1,2.36
0.9,1,2.9
14.63,1,0.0
1.91,1,2.26
3.9,1,3.0
3.1,1,3.7
2.51,1,2.66
8.6,1,0.0
1.51,1,2.0
0.48,1,0.0
1.58,1,1.0
2.63,1,2.86
5.81,3,2.0
1.24,1,2.16
17.62,1,13.82
4.23,1,2.7
2.14,1,2.66
0.65,1,0.0
2.6,1,1.0
2.21,1,0.0
0.94,1,1.0
1.26,3,0.0
8.21,1,4.0
1.91,1,3.33
0.51,3,1.76
0.6,1,2.9
0.5,1,2.0
5.69,3,5.26
1.41,1,1.77
0.83,1,1.56
4.64,1,3.76
2.06,1,3.36
1.45,3,1.0
1.09,1,2.76
0.64,1,1.0
1.1,1,0.0
0.67,6,0.0
0.5,0,1.0
0.7,1,2.25
5.85,1,0.0
0.4,1,0.0
1.31,1,3.06
1.22,1,0.0
2.75,1,0.0
0.87,4,1.0
10.33,1,10.73
7.75,1,6.98
20.05,1,0.0
2.0,2,4.35
0.62,1,1.56
0.4,1,1.8
6.3,1,0.0
1.54,1,2.46
0.98,4,1.86
2.46,2,2.66
2.3,1,3.15
2.4,1,2.66
0.71,1,0.0
2.45,1,0.0
1.96,5,2.0
7.03,1,5.46
1.55,1,2.18
0.6,1,1.0
1.3,1,0.0
0.0,1,0.0
0.55,1,1.76
0.92,1,0.93
1.83,2,3.26
1.52,1,0.0
1.7,6,0.0
0.96,1,2.64
1.28,1,2.7
1.6,1,2.35
1.0,1,0.0
1.5,1,0.0
0.6,1,1.0
1.77,1,3.2
1.35,1,0.0
1.44,2,2.66
1.57,4,0.0
1.9,6,0.0
1.85,1,1.53
0.81,6,2.2
4.3,1,3.56
18.32,1,0.0
5.04,3,4.76
0.9,2,1.0
1.37,5,0.0
1.5,1,2.85
2.29,1,2.77
1.5,1,2.15
1.3,1,2.86
18.3,3,0.0
1.5,1,1.5
0.15,1,0.0
1.7,1,0.0
1.82,1,0.0
5.5,1,3.0
0.97,1,0.0
0.52,1,1.0
0.6,1,0.0
0.2,1,0.0
0.9,2,2.05
17.3,1,0.0
2.28,1,1.0
1.09,1,2.46
1.4,3,2.35
2.2,1,0.2
5.1,2,4.96
1.3,1,2.26
0.54,1,1.0
1.7,1,3.25
2.35,2,0.0
0.68,2,0.0
0.35,1,1.7
0.62,1,2.06
1.6,1,2.0
3.47,1,3.56
1.44,2,1.84
0.8,1,1.76
0.78,1,0.0
1.24,2,1.96
0.73,1,1.66
1.0,1,3.05
1.71,1,2.86
1.36,1,2.66
0.9,1,1.0
2.46,2,3.16
1.4,1,2.56
1.01,3,0.0
1.5,3,0.0
0.37,1,0.0
6.66,1,4.17
0.66,1,2.64
2.2,2,0.0
4.93,2,4.26
2.41,3,1.5
0.35,1,1.66
0.59,2,0.0
1.6,1,2.56
3.0,1,4.35
1.1,2,0.0
0.58,1,1.96
1.0,1,2.0
1.42,2,2.46
1.1,1,2.46
4.47,1,3.74
3.2,1,3.46
1.78,1,3.46
2.31,2,3.06
0.55,2,1.08
1.53,1,2.66
1.68,6,0.0
4.9,2,5.25
1.4,1,2.86
2.9,1,0.0
1.25,1,2.86
1.81,1,0.0
1.5,1,2.66
0.4,1,1.65
2.61,2,4.83
0.79,1,1.96
1.31,2,0.0
3.81,2,4.56
0.34,1,0.0
6.07,2,5.56
2.21,1,4.2
12.6,2,0.0
1.33,1,1.0
2.28,1,0.0
0.4,1,1.65
2.89,4,0.0
1.29,1,2.66
9.6,1,13.0
1.72,1,0.0
1.25,1,2.06
0.9,1,1.47
1.25,1,0.0
1.18,6,2.26
0.5,1,1.65
0.12,2,0.0
3.57,1,3.29
0.9,2,1.85
1.06,1,1.96
1.9,1,0.0
1.04,1,0.0
10.07,1,0.0
16.46,4,0.0
3.59,2,3.66
1.1,1,1.0
1.52,4,0.54
2.65,1,2.96
3.91,1,3.36
1.45,2,0.0
1.04,1,2.06
2.66,1,3.16
0.89,1,3.54
1.31,1,2.16
3.31,2,0.0
5.16,3,4.66
3.2,2,3.66
2.05,3,2.56
1.22,1,1.86
4.32,1,4.36
2.75,1,3.26
1.76,1,3.08
1.43,1,2.06
0.8,1,1.65
3.44,1,3.06
2.32,3,2.86
2.85,1,2.0
5.78,1,1.0
18.84,1,9.0
2.02,2,2.66
10.67,1,9.57
1.71,1,2.16
0.75,1,0.0
1.33,1,2.0
1.39,1,2.26
1.12,1,0.0
1.3,1,1.03
2.93,1,0.0
1.94,1,2.56
1.92,1,2.36
1.7,1,0.0
1.45,1,2.16
2.89,1,2.86
1.41,1,0.0
18.91,2,8.84
1.5,1,0.0
2.05,1,1.4
8.67,1,5.66
2.4,1,3.55
2.0,1,2.95
1.65,1,0.0
1.76,1,2.46
0.7,1,1.75
5.19,1,4.2
2.01,1,2.56
1.2,2,0.0
1.3,1,2.45
0.68,1,1.0
3.0,1,0.0
1.58,6,2.46
1.4,1,2.45
0.8,1,1.75
0.4,1,1.66
4.67,1,1.0
2.04,5,3.06
5.51,1,3.92
4.78,1,3.0
1.31,1,2.36
0.48,2,1.46
3.79,2,2.0
0.8,1,0.49
0.85,5,0.0
2.18,2,2.86
3.46,2,0.0
3.34,1,2.5
1.5,1,2.85
0.9,1,2.06
0.57,1,0.7
1.2,1,2.35
1.9,2,0.0
0.6,1,1.5
0.9,1,0.0
0.46,2,1.46
1.8,1,1.5
1.51,1,0.0
2.9,1,4.06
3.86,5,4.76
1.3,1,0.0
0.9,1,0.0
0.0,1,0.0
0.8,1,1.0
1.1,1,0.0
3.46,1,0.0
1.1,1,2.26
0.9,1,0.0
2.27,1,2.66
15.81,1,0.0
1.06,1,1.36
1.4,0,2.7
1.25,4,2.16
0.7,1,1.2
2.4,2,3.45
1.24,6,2.7
2.9,1,3.45
2.4,1,2.95
1.64,6,2.26
9.61,1,7.88
1.39,6,1.7
11.76,2,9.32
0.3,1,2.19
2.32,1,0.0
2.8,2,0.0
1.0,1,3.09
2.3,1,0.0
0.97,1,0.0
0.8,1,1.65
0.9,1,2.0
0.84,1,0.0
4.4,0,5.0
6.07,1,5.18
1.04,1,3.2
2.04,1,3.66
2.88,1,0.0
0.0,1,0.0
1.1,1,1.0
6.7,2,0.0
5.08,1,5.16
0.96,1,0.0
1.54,2,2.56
1.0,1,2.05
0.57,1,0.0
1.0,1,1.96
1.02,1,2.26
0.91,1,0.0
1.16,1,2.16
4.22,2,0.0
1.8,1,1.0
1.9,1,2.0
0.7,1,0.0
0.8,1,0.0
1.0,1,1.36
1.2,1,0.0
1.29,1,0.0
1.09,5,2.26
1.5,1,1.0
2.94,2,3.76
0.38,1,1.36
1.66,1,2.96
1.66,2,0.0
1.5,1,3.26
0.4,2,1.85
6.9,1,5.0
37.99,1,16.63
1.5,2,0.0
3.54,2,3.96
0.81,1,0.0
0.9,1,1.0
1.56,1,2.56
0.93,1,2.26
1.7,1,0.0
1.73,2,2.0
14.23,2,10.56
0.43,4,1.66
11.3,2,9.95
1.74,3,1.38
3.18,1,3.66
1.8,1,2.65
0.4,1,1.85
4.33,1,5.16
2.23,1,1.0
0.75,1,0.0
12.97,3,5.0
1.52,6,0.0
0.86,1,1.4
2.0,1,1.0
4.38,1,0.0
2.1,1,3.26
1.2,1,2.66
0.88,1,2.06
0.81,1,0.0
0.0,1,0.0
1.92,4,0.0
1.82,1,3.2
1.92,2,4.74
0.0,1,0.0
0.77,4,0.0
2.4,1,3.26
0.0,1,2.0
0.4,2,1.0
3.62,1,2.38
0.9,1,1.47
0.6,1,2.2
2.8,1,0.0
1.68,2,2.46
5.06,1,4.56
0.5,2,1.0
1.21,1,2.36
0.9,2,2.05
9.01,3,11.38
0.54,1,2.32
0.51,1,1.5
6.7,1,5.66
2.38,1,3.76
9.1,1,6.0
1.4,1,0.0
8.53,1,9.1
1.37,1,0.0
18.6,1,13.18
1.04,1,2.46
1.8,3,1.0
0.8,1,4.0
0.91,1,1.86
2.6,1,0.0
1.6,1,2.46
0.0,1,2.56
1.33,1,0.0
1.74,5,2.56
15.19,1,10.58
1.8,1,2.46
0.62,5,2.2
9.6,1,8.15
3.03,5,0.0
2.9,1,2.0
3.26,1,0.0
4.1,2,4.15
1.8,3,0.0
2.61,1,1.43
2.43,1,0.0
1.9,1,2.5
0.61,5,1.76
3.08,1,3.76
3.22,1,4.45
0.8,1,2.05
1.07,1,1.47
1.01,5,1.96
1.01,1,0.0
0.56,1,1.56
0.0,1,13.06
2.9,1,3.05
2.82,1,2.96
1.02,1,0.0
1.7,1,1.0
4.0,3,3.95
2.77,1,2.52
3.0,2,0.0
20.25,2,12.98
1.59,1,2.36
3.0,1,5.15
5.7,1,4.35
3.9,1,0.0
0.57,5,1.2
1.47,2,2.06
2.89,1,2.0
2.65,5,0.0
7.2,1,4.79
2.47,1,2.0
2.7,1,2.86
1.46,1,1.0
0.0,0,1.66
1.37,1,1.08
2.24,1,2.56
8.42,1,5.0
0.7,3,1.65
0.5,0,0.0
1.81,1,2.95
1.2,1,0.0
1.72,1,0.0
1.36,1,0.0
1.35,1,1.0
0.86,6,0.0
7.47,1,0.0
1.64,1,0.0
1.3,2,0.0
2.9,1,3.7
1.1,2,2.25
1.64,1,0.0
1.28,1,1.0
5.26,2,5.46
1.9,1,3.3
4.92,5,0.0
0.5,3,1.46
1.77,1,0.0
0.6,0,2.0
7.93,5,0.0
2.6,1,2.0
2.7,2,3.26
3.0,1,1.0
0.6,1,0.8
1.8,1,2.46
1.65,1,0.0
0.68,2,1.96
0.08,1,0.0
3.7,1,3.2
0.87,2,1.96
1.04,5,1.2
1.27,1,0.0
1.0,1,1.0
0.77,2,1.0
0.8,0,1.75
0.63,1,2.06
0.52,1,1.76
11.88,1,4.0
1.72,2,3.54
2.0,1,2.0
0.7,1,1.75
0.9,1,0.0
0.69,1,1.66
8.41,1,7.58
3.92,1,4.26
1.1,1,2.35
0.9,1,1.96
1.2,1,1.0
1.34,1,2.46
2.09,1,3.36
0.7,1,0.0
3.98,1,2.0
11.14,1,0.0
1.6,1,5.34
3.4,1,4.65
0.64,1,1.95
0.5,0,0.0
0.6,2,3.0
7.9,1,6.55
1.01,1,0.0
0.74,1,0.0
0.91,1,1.86
3.8,1,3.7
0.68,2,0.0
6.3,1,6.56
0.9,1,1.86
2.5,1,3.7
0.83,1,1.66
0.23,1,1.26
14.48,1,0.0
9.54,1,0.0
1.36,1,0.44
2.45,2,3.99
1.38,1,1.2
11.25,2,8.58
1.0,1,1.55
0.71,1,1.76
4.83,1,1.0
0.97,1,1.25
2.3,1,3.25
0.6,1,2.19
1.69,2,2.46
0.6,1,1.0
0.81,2,1.26
2.8,2,3.75
8.39,2,9.32
1.39,6,6.2
2.7,1,2.0
0.4,1,1.0
17.23,1,12.28
6.3,1,0.0
0.69,6,1.0
1.89,1,2.96
0.58,1,0.0
0.94,1,2.66
13.62,1,13.2
0.52,1,1.56
0.6,1,0.0
1.9,4,0.0
0.1,1,0.0
1.34,1,0.0
1.2,1,1.0
4.56,2,0.0
0.5,1,1.46
0.3,1,1.0
0.76,1,1.96
1.32,1,1.0
0.2,1,0.0
3.31,3,3.26
0.53,1,1.0
0.99,3,2.7
1.26,6,2.06
1.96,1,0.0
1.7,1,0.0
2.1,1,3.55
9.71,1,8.28
2.77,1,3.0
0.7,1,1.85
1.6,1,2.85
0.7,1,2.05
3.6,2,3.86
1.2,1,1.62
1.14,2,0.0
5.0,1,5.95
0.6,1,2.2
1.05,1,3.39
1.55,1,0.0
2.04,1,0.0
1.2,0,0.0
5.17,6,5.16
8.19,1,7.68
1.7,5,1.5
1.04,1,2.06
17.4,1,5.0
1.4,1,2.0
0.37,3,0.0
0.74,2,0.0
1.7,1,0.0
3.07,1,2.0
1.97,1,0.0
1.1,1,2.15
1.29,2,2.36
1.92,2,1.28
1.1,1,1.5
0.6,2,0.0
0.53,2,0.0
1.59,5,0.0
1.75,2,2.96
6.13,1,5.36
8.21,2,1.5
2.53,1,0.0
1.61,2,1.28
0.72,1,1.0
2.6,2,3.55
1.3,1,2.75
1.39,1,2.36
2.18,1,3.0
1.46,1,1.5
1.67,2,2.0
0.91,1,1.75
1.7,1,2.65
1.78,3,0.0
0.71,1,1.86
0.84,1,1.5
5.32,1,4.96
1.78,5,0.0
0.0,1,0.0
1.81,6,2.96
16.4,2,0.0
14.0,1,0.0
1.58,2,0.0
3.83,1,3.66
2.5,1,0.0
0.44,1,0.0
1.12,1,1.4
2.57,1,2.96
0.86,1,1.76
9.72,6,9.08
2.32,5,3.0
0.94,1,0.0
1.8,1,0.0
6.51,1,6.18
1.5,1,1.92
11.89,1,0.0
4.0,1,3.95
1.4,1,2.75
0.5,1,1.55
5.8,1,3.0
1.74,1,0.0
2.95,2,3.36
2.32,2,0.0
0.8,1,2.05
4.08,6,3.86
1.2,1,2.26
3.51,1,3.66
0.64,1,1.0
2.14,2,1.0
2.85,1,1.6
18.43,2,4.0
0.67,1,0.0
1.42,2,1.77
5.3,2,6.95
1.4,1,2.0
1.71,1,0.0
1.41,4,0.0
0.67,4,1.96
1.48,2,1.75
1.2,1,1.5
4.24,1,4.0
0.0,1,50.0
0.6,1,1.0
6.46,1,6.26
0.7,1,1.85
6.46,2,6.18
0.6,1,0.0
3.2,5,2.0
1.52,2,1.5
0.34,2,1.82
1.45,3,2.26
1.68,2,2.46
0.81,1,1.76
8.38,1,6.36
3.6,1,0.0
0.3,2,1.46
1.38,1,2.82
1.28,6,2.58
5.72,3,0.0
0.5,1,1.45
0.77,1,1.0
5.8,1,0.0
1.0,3,1.0
1.7,1,2.0
10.09,1,6.16
4.22,1,0.0
4.1,1,3.0
1.1,1,0.0
4.2,2,0.0
1.23,1,1.86
0.0,1,0.0
2.95,3,3.16
1.75,1,1.62
10.1,1,7.0
1.16,2,0.0
1.07,1,1.96
1.79,1,0.0
0.96,1,0.0
15.87,1,0.0
1.93,1,2.56
0.6,1,1.55
0.9,1,0.0
1.06,1,1.76
1.14,1,2.33
2.7,1,0.0
0.7,1,0.0
0.97,1,3.54
0.94,1,0.0
1.28,1,0.0
2.9,1,1.5
1.43,1,0.0
1.3,1,2.55
2.99,2,1.0
0.21,1,1.0
0.48,1,1.0
2.19,1,0.0
0.8,1,0.93
1.14,1,1.76
1.7,1,2.66
0.58,1,0.0
0.6,0,0.0
0.3,1,1.35
0.59,1,0.0
1.1,1,2.9
4.37,1,3.66
8.13,1,2.83
0.5,1,1.55
1.37,1,2.45
8.55,3,6.56
1.74,1,1.92
0.72,2,3.26
1.49,1,1.62
0.4,1,1.46
17.1,1,0.0
2.8,3,3.55
1.46,1,0.0
0.54,1,1.66
0.63,1,0.0
1.11,1,2.64
3.5,0,0.0
0.9,2,0.0
0.93,1,2.06
1.6,1,0.0
0.77,1,1.96
1.2,1,0.0
1.43,1,0.0
1.78,1,1.57
0.47,1,1.66
12.55,1,20.0
1.7,1,0.0
2.7,1,3.35
3.8,2,0.0
2.9,2,3.35
1.3,1,1.0
0.61,1,0.0
19.3,1,2.22
4.31,1,3.12
1.5,0,2.25
1.64,1,1.5
1.16,1,1.96
2.0,1,3.2
1.48,2,2.36
0.5,1,1.1
5.44,3,3.74
1.46,1,0.0
0.92,5,2.16
0.23,6,0.0
1.81,1,3.45
3.8,1,4.16
15.77,1,12.28
1.44,1,2.56
0.74,1,1.0
2.9,3,2.0
1.31,5,2.46
1.1,4,0.0
3.7,1,2.0
0.0,1,0.0
2.5,1,0.0
6.3,1,5.0
0.41,1,1.66
1.4,1,1.18
2.02,1,2.86
3.01,1,0.0
16.2,2,12.25
1.8,1,2.85
3.04,2,3.76
1.0,2,2.75
1.32,2,1.0
2.5,1,0.0
1.04,1,0.0
2.27,2,1.28
5.9,3,0.0
1.0,2,1.95
1.4,1,2.36
2.71,4,3.36
4.1,1,0.0
1.96,1,2.0
2.1,1,3.95
1.4,1,2.06
0.78,1,1.96
0.74,2,0.0
1.02,1,1.86
1.5,1,0.0
0.73,1,0.0
1.77,4,3.2
0.74,1,0.0
0.8,1,1.95
1.0,1,0.0
2.2,1,0.0
1.1,1,1.75
5.34,3,0.0
3.4,2,3.45
1.86,1,1.7
11.5,1,0.0
1.29,1,0.0
2.3,4,0.0
0.92,1,1.66
2.6,4,2.96
1.49,1,0.0
3.1,1,0.0
2.65,1,0.0
1.56,1,0.0
1.36,1,0.0
2.3,3,3.05
2.29,5,3.32
3.8,1,4.35
3.16,2,0.0
3.9,3,0.0
1.96,2,0.0
0.3,4,1.7
1.63,5,2.36
0.71,1,1.76
1.06,1,2.58
1.6,1,3.95
0.5,3,0.0
2.5,1,3.06
1.9,1,3.25
4.9,2,0.0
1.76,1,0.0
1.54,1,2.26
1.85,1,3.69
1.6,1,0.0
1.7,0,3.3
1.4,0,1.2
0.0,0,8.05
0.61,2,2.58
1.41,1,2.96
1.5,1,2.56
1.06,2,1.96
6.79,1,2.0
6.54,1,5.16
3.3,1,3.35
1.14,1,2.16
19.1,1,0.0
5.9,1,4.56
5.1,1,5.82
4.1,3,3.36
2.9,5,2.76
2.15,1,2.0
3.55,2,3.36
1.67,1,2.46
0.66,1,1.56
1.93,1,1.0
4.0,1,2.67
1.1,1,1.0
0.0,1,7.06
2.04,1,2.82
1.4,1,0.0
6.66,1,4.86
1.72,1,2.26
1.47,1,2.06
4.21,2,3.96
0.8,1,0.0
0.7,2,1.32
0.96,2,0.93
1.08,1,2.58
1.89,1,1.5
0.9,1,1.85
3.21,1,3.16
1.81,2,2.36
0.81,1,0.0
0.68,2,1.76
0.6,1,1.76
6.95,5,2.0
2.23,1,2.56
0.81,6,1.36
1.1,1,1.0
0.48,2,0.0
1.31,1,2.26
0.84,5,0.0
1.17,1,1.0
4.05,4,3.76
0.0,1,0.0
1.1,4,1.76
0.62,2,1.46
1.26,4,1.96
11.95,2,10.85
4.57,1,2.0
0.6,2,1.95
0.68,2,0.0
5.03,1,4.46
0.5,1,0.34
1.21,1,2.16
0.97,2,2.94
1.9,1,0.0
3.78,2,3.46
1.3,1,0.0
1.6,0,0.0
1.95,1,0.0
2.34,5,0.0
10.13,1,0.0
1.78,2,0.0
1.3,3,2.06
0.57,5,1.56
10.1,2,7.85
11.63,1,0.0
1.08,1,1.47
0.76,1,1.06
3.9,3,3.65
1.2,1,2.0
2.52,1,3.0
1.44,3,2.45
1.14,5,0.0
1.4,1,2.06
0.9,4,0.93
1.62,1,2.16
2.98,2,1.11
0.91,5,1.56
3.4,1,3.66
2.5,1,1.0
0.68,1,1.46
1.64,1,2.06
1.4,1,2.25
2.07,5,0.0
0.7,1,1.75
0.98,5,0.0
3.88,1,2.0
2.2,1,3.45
1.76,1,1.92
0.41,1,2.04
2.8,1,2.0
1.5,2,0.0
6.27,1,0.0
2.42,1,0.0
20.02,2,11.78
0.54,5,0.0
4.45,1,4.7
2.2,1,2.0
2.74,1,4.46
0.78,1,1.86
0.95,1,1.67
2.42,5,4.06
1.9,0,0.0
1.8,1,2.65
6.3,2,5.35
1.71,1,2.0
2.86,5,1.0
2.73,1,3.16
0.9,1,2.0
0.7,1,0.0
1.02,2,1.0
5.6,1,4.85
11.03,2,8.48
1.65,1,2.26
1.29,1,2.06
18.51,1,0.0
0.6,2,0.0
2.04,1,0.0
1.12,1,1.0
1.42,4,5.0
2.87,1,2.0
0.0,2,12.84
2.2,1,3.7
0.0,1,10.0
17.22,1,0.0
1.41,2,0.0
1.9,1,2.85
1.4,1,0.0
3.4,1,3.56
0.56,2,1.0
3.73,3,3.46
0.88,1,1.0
0.35,5,1.46
0.8,1,1.0
0.95,2,1.16
0.2,1,0.0
13.29,3,0.0
1.7,1,2.2
0.63,1,1.66
1.8,1,1.0
2.61,6,4.32
0.92,1,0.0
0.7,4,1.96
1.09,1,2.06
9.7,1,0.0
3.4,1,3.45
5.8,1,5.15
19.59,3,0.0
9.16,1,7.0
2.18,1,2.0
1.21,1,1.86
1.64,1,2.76
1.03,1,1.76
1.88,2,1.23
2.32,1,3.83
0.5,0,1.0
2.39,2,2.2
3.5,1,3.35
4.16,1,0.0
4.67,1,4.06
1.17,1,3.39
0.9,1,1.86
1.2,1,1.96
2.1,2,2.75
2.51,2,1.0
3.65,1,2.0
1.39,1,1.86
4.89,1,4.26
1.04,2,0.0
1.85,1,1.0
8.09,4,0.0
2.0,2,2.65
0.59,1,1.76
0.76,1,1.76
0.51,1,0.0
0.93,2,0.0
1.79,1,2.26
0.8,1,1.6
1.12,1,2.45
1.55,1,2.36
8.33,1,0.0
0.9,1,2.05
2.73,3,0.0
1.1,1,2.05
1.6,2,1.0
1.1,1,1.96
16.5,1,10.58
0.94,1,0.0
0.6,1,0.0
3.83,2,3.0
0.6,1,0.0
1.4,1,0.0
10.8,1,8.55
0.29,1,0.0
0.8,1,1.5
0.93,2,1.24
3.06,1,2.96
1.7,1,0.0
6.66,2,0.0
0.6,1,1.45
0.7,1,1.75
0.44,1,0.7
1.46,1,2.26
1.62,1,0.0
10.35,2,5.0
0.71,2,1.66
2.52,1,0.0
1.07,5,0.0
16.78,2,0.0
10.24,1,0.0
6.8,1,7.25
0.89,1,1.0
1.9,1,2.06
0.93,1,2.32
1.3,1,1.0
0.61,1,0.96
3.66,1,1.73
0.8,0,1.0
0.77,1,0.0
1.63,2,1.0
6.88,1,6.08
0.65,1,0.0
9.36,1,0.0
1.0,1,2.0
0.8,1,1.65
6.9,1,5.65
0.7,1,0.0
5.99,1,0.0
0.54,1,0.0
2.3,5,4.44
5.58,1,0.0
3.2,1,3.35
1.68,1,0.0
2.47,1,1.0
10.05,1,0.0
1.48,2,3.24
1.17,2,0.0
18.12,3,12.28
1.77,2,2.56
3.51,3,3.86
3.42,1,3.56
1.3,2,0.0
0.7,1,0.39
0.4,1,1.55
1.64,1,1.5
6.23,1,2.0
1.42,1,0.0
1.8,1,2.35
17.73,1,0.0
8.49,1,5.66
1.65,1,0.0
2.11,1,2.66
13.9,1,0.0
11.78,1,8.42
7.56,1,3.07
6.97,1,5.36
2.62,2,5.0
0.4,1,0.0
1.56,1,1.0
0.8,2,0.0
0.6,2,1.75
1.4,1,0.0
0.83,1,2.06
3.96,1,3.27
1.52,1,1.7
1.45,1,2.26
18.39,2,0.0
2.19,1,3.08
1.3,1,2.0
0.52,1,1.0
1.07,1,1.76
1.46,1,1.7
0.67,1,1.56
3.06,1,2.67
1.48,2,0.85
0.9,1,0.0
1.3,2,2.25
1.4,1,1.5
1.33,1,1.03
0.11,1,0.0
0.89,2,0.0
1.64,1,2.56
1.1,1,2.26
1.46,1,2.46
1.53,1,0.0
0.84,2,1.0
6.02,1,4.86
0.9,1,1.65
0.6,1,0.8
2.31,1,0.0
3.16,1,1.96
15.5,2,12.25
1.18,1,2.06
9.87,1,12.88
0.89,1,2.33
0.4,1,1.45
4.9,0,6.5
16.86,1,11.06
1.73,1,0.0
1.5,1,1.0
1.37,1,2.06
4.79,1,4.16
3.63,2,3.16
9.36,4,3.89
1.42,1,0.0
0.7,1,1.0
1.1,1,1.86
2.61,5,2.66
0.7,2,1.15
1.91,1,2.36
1.19,1,0.0
3.27,1,4.08
21.05,1,15.36
11.55,1,6.0
1.12,1,2.0
0.93,2,0.0
2.39,2,0.0
18.32,2,15.36
6.4,0,4.86
1.0,1,0.0
0.7,3,0.0
1.12,1,1.96
1.8,1,1.84
0.8,1,1.95
19.31,5,12.28
1.93,3,0.0
1.16,2,1.0
0.95,1,1.76
0.62,2,0.0
3.07,1,3.26
5.61,1,5.45
19.44,1,11.78
0.73,1,0.0
1.32,1,1.5
17.2,1,0.0
1.8,2,2.36
5.06,3,0.0
2.7,1,3.05
0.7,1,2.2
0.96,4,1.86
17.4,2,0.0
5.23,1,4.56
0.9,1,1.95
0.49,2,1.56
12.11,1,9.82
9.18,1,0.0
6.73,1,7.86
1.1,1,2.2
2.25,1,0.28
4.62,1,4.26
1.65,2,0.0
5.3,4,4.15
4.22,1,3.86
5.02,6,4.46
1.19,2,1.96
1.95,1,1.0
1.0,2,1.95
6.43,1,4.0
1.9,1,2.55
3.71,1,3.56
9.06,2,3.0
4.1,1,5.15
1.3,1,2.05
3.3,1,3.35
2.77,1,2.76
1.22,2,2.06
1.45,2,2.06
0.6,1,1.56
2.14,1,2.0
2.99,1,0.0
7.9,1,4.0
5.23,1,0.0
4.37,5,4.06
1.7,0,2.0
0.45,2,0.0
8.33,2,0.0
0.91,5,1.86
20.5,2,12.25
9.82,1,0.0
0.93,1,2.0
18.82,1,9.21
1.24,4,1.96
2.29,1,2.56
10.38,1,7.56
0.3,1,0.0
3.34,1,0.0
3.77,2,1.0
0.9,1,0.82
1.39,1,2.0
1.38,2,1.08
2.5,2,1.5
1.0,1,1.0
3.61,2,2.0
1.74,3,2.66
2.2,1,2.07
1.1,2,3.05
1.1,1,0.98
3.76,1,4.46
1.34,2,1.0
1.93,3,1.5
2.1,1,0.0
1.31,1,1.96
0.1,1,0.0
1.03,3,2.26
2.94,1,2.76
1.71,1,3.46
1.6,1,2.86
3.41,2,0.0
11.0,2,10.0
0.8,1,1.0
0.72,1,1.96
0.77,1,2.26
0.9,1,0.0
1.0,1,1.0
0.76,1,1.0
4.08,2,4.76
19.51,1,12.06
4.85,5,1.0
0.9,1,0.0
0.68,1,1.25
1.71,4,1.76
2.0,1,0.0
0.72,1,0.0
0.3,2,0.0
2.14,1,2.76
3.42,1,2.5
1.82,2,0.0
2.41,2,2.44
0.97,1,0.98
2.52,1,3.0
1.43,5,0.0
0.86,1,1.96
1.3,1,2.45
0.8,1,1.95
9.1,1,8.05
2.16,6,1.2
1.18,1,0.0
0.76,1,1.76
5.6,1,4.85
0.7,1,1.0
5.37,1,6.39
1.6,1,2.55
0.51,5,0.0
0.5,1,1.45
1.0,1,3.2
1.26,1,2.86
6.97,1,5.46
0.44,1,1.46
7.07,1,0.0
1.19,1,1.0
2.6,1,4.89
9.72,1,8.38
2.1,4,0.0
6.53,1,0.0
19.7,1,12.25
13.94,1,0.0
0.53,5,1.46
0.7,1,1.65
2.12,1,0.0
15.75,1,0.0
2.3,1,3.05
1.37,1,2.16
4.61,1,3.0
1.06,1,3.08
1.42,1,0.0
1.4,2,0.0
17.18,2,0.0
1.94,1,2.96
0.8,1,3.2
0.8,1,0.0
1.72,1,1.0
0.9,2,1.95
0.9,1,0.0
0.81,1,0.0
1.36,1,1.5
1.61,2,2.16
0.72,1,0.0
0.54,1,1.46
1.0,1,1.95
1.59,1,0.0
2.67,2,1.0
8.51,1,8.58
1.75,1,0.0
2.43,2,1.5
1.6,1,1.95
1.46,1,3.0
0.7,1,2.0
1.5,0,2.0
2.72,5,3.36
0.73,1,0.93
8.1,1,4.08
1.0,1,0.0
1.48,5,2.36
1.84,2,2.66
7.41,1,6.86
4.0,1,5.45
0.51,1,2.34
1.01,1,0.0
4.2,1,4.45
1.3,1,0.0
1.0,1,1.2
1.1,5,3.24
1.02,2,2.94
4.3,1,4.06
1.14,1,2.36
1.2,1,1.0
1.2,1,1.6
17.9,1,10.0
5.14,3,5.36
5.42,1,2.0
2.21,1,2.66
0.67,1,1.96
0.9,1,3.54
3.5,5,0.0
0.97,1,1.0
3.35,2,3.66
0.7,3,1.55
1.8,1,3.35
2.6,1,3.0
1.8,1,2.0
0.63,1,0.83
2.6,1,0.0
1.47,1,2.46
2.53,1,2.0
1.6,5,2.46
1.69,1,0.0
0.93,3,2.16
6.97,1,3.0
2.3,1,0.0
1.47,4,2.0
7.65,2,2.78
1.23,5,1.0
1.51,3,1.0
4.21,1,0.0
2.7,1,3.35
3.2,1,2.0
1.61,1,2.2
2.62,2,3.46
0.24,1,0.0
1.1,1,3.05
7.78,5,7.58
1.6,2,2.46
1.61,2,2.26
1.73,5,1.0
1.4,1,0.0
1.2,1,1.0
0.44,2,0.0
2.16,1,2.46
1.93,1,2.0
0.3,1,1.45
3.92,2,3.76
4.85,1,4.36
1.52,1,1.0
15.83,4,9.06
1.26,1,0.0
1.5,1,2.25
2.7,1,2.7
2.0,1,2.45
4.7,1,4.46
0.94,1,1.0
0.8,1,0.0
2.0,1,0.0
0.64,1,2.2
3.82,1,3.96
18.17,1,10.0
8.39,1,0.0
0.7,1,1.75
0.4,0,0.0
1.8,1,2.45
6.44,1,2.86
2.73,3,3.06
0.76,5,0.0
1.06,2,0.0
14.42,1,0.0
1.5,1,2.35
2.04,1,2.22
18.13,1,0.0
4.75,1,0.0
0.9,1,1.0
0.57,1,0.96
2.8,1,2.95
4.3,1,0.0
1.38,1,2.95
1.58,1,1.2
4.6,1,0.0
2.6,1,0.0
0.16,1,0.0
0.99,1,0.83
2.01,1,0.0
1.86,1,0.0
0.6,1,1.25
2.0,0,0.57
0.9,1,1.0
1.31,1,1.27
2.0,1,2.46
4.67,2,0.0
0.9,1,1.66
2.4,1,2.86
1.96,1,0.0
3.98,2,2.23
1.02,6,1.86
2.9,1,2.95
2.2,1,2.95
2.7,1,1.0
1.75,2,2.36
0.0,0,0.0
1.12,1,2.58
0.95,3,0.98
0.79,1,0.0
1.14,1,0.0
0.49,1,1.0
1.5,1,3.2
3.18,5,3.26
0.83,1,1.46
0.8,1,1.65
1.64,1,0.0
20.53,1,12.28
7.03,1,2.0
0.99,2,1.4
1.3,1,2.15
8.36,1,7.32
0.36,1,1.0
2.28,6,2.96
1.17,1,2.26
0.76,1,0.0
11.3,1,7.5
6.76,2,6.82
8.3,1,3.0
7.0,0,0.0
4.3,1,2.0
0.77,1,1.86
3.2,1,3.25
3.31,5,2.0
0.77,1,0.0
0.82,1,1.62
5.95,1,7.45
0.8,1,1.17
0.84,1,0.0
1.7,1,0.0
2.0,1,0.0
3.52,1,4.36
1.73,1,2.0
1.5,1,1.55
10.95,1,10.6
1.49,1,3.46
1.0,1,2.05
1.4,1,1.0
2.46,1,5.0
0.4,1,1.0
1.09,4,4.59
0.78,1,0.0
18.1,2,0.0
0.63,1,1.86
0.67,1,0.0
3.29,1,5.32
1.87,1,2.14
0.69,1,0.0
0.56,2,1.86
1.5,1,1.5
0.78,1,2.79
1.5,1,2.56
0.73,6,1.4
0.53,3,2.32
1.21,6,1.96
8.73,1,7.58
8.3,1,0.0
1.9,2,3.15
1.21,1,0.0
1.3,1,0.0
16.2,1,12.25
1.2,1,0.0
0.54,1,1.76
18.13,1,15.0
0.6,2,0.0
2.03,1,0.0
1.1,1,2.8
1.41,1,2.96
0.51,1,1.86
1.57,1,2.36
0.78,1,1.66
2.09,2,2.76
0.75,2,2.26
0.48,1,1.56
0.9,1,2.0
3.0,2,0.0
0.9,1,0.0
0.6,1,2.0
1.08,2,2.26
0.67,1,1.0
1.4,2,3.05
2.5,1,3.56
1.0,1,2.36
1.4,1,2.45
4.01,1,0.0
1.9,1,3.06
0.5,1,1.0
1.6,1,0.0
5.4,1,6.05
1.6,3,3.2
0.9,1,2.0
2.92,1,0.0
0.55,1,0.0
1.86,1,0.0
0.7,1,0.0
0.69,1,2.64
1.4,0,3.0
2.74,1,0.0
6.41,2,6.08
18.76,1,0.0
2.37,1,3.56
3.3,1,0.0
0.52,1,0.8
1.0,1,2.35
1.7,1,2.0
1.7,2,0.7
3.17,1,4.96
1.67,6,0.0
1.36,1,2.83
1.1,1,2.35
1.8,1,2.95
5.7,1,5.65
0.8,2,2.58
1.71,1,0.0
2.6,1,2.82
0.6,1,1.95
0.0,4,9.62
1.22,1,3.16
0.91,1,0.0
0.28,2,2.64
0.68,2,2.45
3.1,2,3.85
0.68,1,1.0
1.8,1,2.07
1.3,1,2.55
16.6,2,0.0
0.4,1,1.85
0.9,1,0.0
0.76,5,1.0
2.22,1,3.16
2.7,1,1.43
3.5,1,3.96
1.9,1,2.95
1.01,1,0.0
0.78,5,1.86
1.26,1,2.36
1.2,0,2.0
0.5,1,1.0
2.54,1,3.16
2.76,1,3.0
3.0,1,4.3
2.8,1,3.55
2.45,1,1.53
21.38,4,0.0
1.66,1,2.46
1.5,1,2.16
6.78,1,5.76
0.7,1,2.05
3.76,1,4.06
2.35,1,1.63
1.4,1,1.75
1.18,2,0.0
7.8,0,6.15
0.6,1,1.0
3.2,1,3.55
8.32,1,0.0
1.13,1,0.0
1.09,1,0.0
3.45,1,1.5
0.8,1,0.0
0.67,1,1.0
1.0,1,1.96
1.6,2,2.36
1.59,1,0.0
7.87,1,7.18
1.0,1,1.86
1.6,1,3.5
1.92,5,2.2
1.1,1,0.0
0.7,1,1.65
0.89,1,0.5
4.16,1,0.0
0.34,2,0.0
0.58,2,1.56
4.8,0,6.8
3.3,4,5.7
1.78,1,2.56
5.52,1,4.36
1.33,1,2.36
1.4,2,0.0
2.53,1,2.14
2.1,1,1.2
2.17,1,4.2
5.08,1,4.16
1.68,2,0.0
0.87,1,1.76
8.1,6,3.8
2.2,0,2.45
1.68,2,1.77
2.3,1,0.0
1.92,2,2.46
5.4,1,0.0
7.6,1,2.0
3.76,1,0.0
7.5,1,0.0
8.9,1,5.75
0.3,1,0.0
0.74,1,1.66
3.39,1,0.0
1.31,1,0.93
2.5,1,3.36
3.85,1,3.66
2.5,1,0.0
1.2,1,1.86
0.7,2,1.0
0.85,1,0.0
3.82,1,3.96
0.56,5,1.46
1.3,0,1.2
1.0,1,0.5
2.6,1,3.35
1.29,1,2.0
2.24,1,1.6
16.6,2,11.85
1.03,6,3.32
2.86,1,2.0
0.39,4,1.95
3.72,1,4.16
1.51,1,2.56
9.58,1,0.0
10.42,1,9.0
0.5,1,1.2
0.41,1,1.76
7.27,1,1.74
2.55,1,2.66
1.3,2,1.0
1.54,5,1.7
6.5,2,0.0
4.9,1,0.0
3.79,4,4.56
2.42,1,3.36
0.8,1,1.66
0.31,1,1.46
3.59,5,0.0
2.1,1,2.5
1.39,1,2.96
1.34,2,2.96
4.21,2,4.96
1.17,1,1.0
0.86,5,1.36
1.17,1,1.86
0.48,1,2.26
2.71,1,2.44
2.89,1,2.86
0.49,1,0.0
0.5,1,0.0
2.14,1,1.0
0.61,1,1.46
1.76,1,2.96
1.78,6,2.0
1.49,1,0.0
0.69,1,1.56
1.4,1,0.0
1.0,1,1.0
0.38,1,0.0
4.1,4,0.0
1.5,1,0.0
1.19,1,2.26
0.24,1,0.0
1.25,1,2.36
0.8,1,1.85
0.0,1,0.0
5.8,1,3.8
0.89,1,2.06
1.2,1,3.05
1.0,1,1.86
0.8,4,0.0
1.53,1,0.0
2.07,1,2.67
3.57,1,3.0
2.08,1,0.0
0.49,1,1.46
2.9,1,5.7
2.01,1,0.0
17.9,1,12.28
1.5,1,0.0
0.8,1,2.3
2.13,1,3.06
0.48,6,0.0
0.97,1,0.0
1.03,6,1.0
0.69,1,0.0
0.59,1,1.0
0.87,1,1.86
2.09,1,0.0
0.58,1,1.46
1.74,1,3.32
0.81,1,0.0
0.46,1,1.66
5.3,0,4.0
1.0,1,1.0
3.13,1,2.0
1.0,1,1.76
0.45,1,1.56
2.49,1,2.96
1.1,3,2.7
17.4,1,11.05
14.0,1,10.05
1.7,0,2.55
0.84,1,1.0
5.99,1,2.0
0.76,1,1.03
2.79,1,2.0
1.7,1,0.0
11.41,2,0.0
2.81,1,2.36
9.8,1,0.0
0.6,1,1.85
18.0,2,13.15
1.58,1,2.16
0.81,1,0.0
1.69,5,0.0
3.92,5,0.0
0.97,1,0.0
0.82,1,2.06
16.13,1,16.48
1.35,1,2.0
9.55,1,7.68
4.82,1,5.36
4.71,6,0.0
0.95,1,3.09
1.6,1,2.36
0.0,1,0.0
1.6,1,2.0
0.78,1,0.0
3.2,1,4.55
2.8,2,0.0
12.3,1,7.25
15.04,1,5.0
0.84,1,0.0
2.1,2,2.96
4.2,1,4.26
1.7,1,0.0
2.0,1,2.95
1.85,1,2.76
0.92,1,2.06
0.73,1,1.96
0.36,1,1.66
0.9,1,2.45
0.8,1,1.96
1.41,1,3.45
6.01,1,5.9
0.55,1,0.0
1.78,1,2.56
2.16,1,1.0
1.5,1,2.95
3.5,1,3.15
23.84,1,0.0
0.78,1,1.96
1.53,1,0.0
1.3,2,0.0
1.03,1,0.0
1.0,1,0.0
1.02,4,2.16
5.4,1,4.55
1.05,1,2.7
3.0,1,0.0
1.1,1,1.0
0.85,1,2.45
1.0,1,1.95
2.26,1,3.06
1.36,3,1.86
2.19,1,3.26
3.4,1,4.2
2.34,1,3.45
1.3,2,1.47
1.73,1,4.14
4.12,6,2.0
0.7,1,0.0
3.4,1,3.35
4.9,1,0.0
2.83,2,3.56
7.0,1,0.0
1.43,1,1.5
1.0,0,2.0
2.29,2,2.66
14.33,2,8.26
10.18,1,9.2
3.28,6,0.0
0.78,1,1.0
1.88,1,0.0
5.52,1,4.76
1.1,1,1.84
1.91,1,2.56
1.58,1,2.0
3.11,2,3.86
5.54,1,4.96
5.4,1,0.0
1.38,1,1.2
3.0,1,3.15
3.19,1,3.66
1.0,1,2.05
1.02,1,0.0
16.9,1,12.25
1.43,1,0.0
2.9,1,2.0
9.17,1,6.56
3.16,2,4.08
3.46,1,3.86
6.51,1,6.2
3.29,1,3.16
1.8,1,0.0
1.0,1,2.45
3.15,1,3.76
0.76,2,0.0
4.25,1,4.36
1.5,1,0.0
8.81,2,6.06
0.72,1,1.76
20.14,1,11.78
0.71,2,1.0
1.6,1,1.62
18.1,1,11.05
2.44,1,0.0
4.71,1,3.96
1.7,5,2.26
1.67,2,0.0
2.22,2,0.0
0.5,1,1.0
4.16,1,3.5
6.9,1,6.05
3.2,0,2.0
1.17,1,0.0
1.9,1,1.0
0.62,1,0.0
0.43,1,0.0
13.75,3,0.0
0.0,1,0.0
1.64,5,2.06
1.46,1,1.86
1.15,2,1.28
1.9,1,3.25
2.2,1,2.15
1.1,1,1.95
2.1,1,2.85
2.2,1,1.5
1.3,1,2.66
1.2,1,0.0
1.12,1,1.96
2.7,1,2.65
0.5,1,1.8
1.64,1,3.66
6.48,4,5.33
0.49,1,1.46
0.64,1,1.2
3.67,1,0.0
2.94,1,3.76
0.81,3,1.86
0.33,1,1.95
1.25,1,2.36
1.56,1,4.16
5.85,1,5.76
2.8,1,3.7
0.75,1,1.4
1.0,1,2.22
1.78,6,2.76
1.93,3,6.0
2.02,1,2.66
1.13,3,2.26
0.7,2,1.76
1.68,1,1.84
1.22,1,2.58
1.38,1,2.7
0.6,2,0.0
1.4,5,2.45
5.29,1,0.0
3.38,1,0.0
2.34,1,1.56
14.2,1,0.0
1.4,2,2.25
3.7,1,3.12
1.98,1,2.66
0.52,1,1.86
0.97,1,1.66
1.2,1,2.15
0.39,1,1.17
3.05,3,0.0
1.01,2,2.06
0.52,1,2.94
2.67,1,0.0
0.7,1,1.85
3.18,1,0.0
1.67,1,1.4
3.16,2,3.26
0.8,1,0.0
2.8,1,2.0
1.5,1,2.3
1.13,1,2.06
0.87,1,2.26
0.76,1,1.56
2.84,1,3.36
3.5,2,4.15
3.4,3,5.0
20.09,1,12.28
9.4,1,6.26
1.5,1,2.65
0.56,1,0.7
1.72,1,0.0
1.0,3,2.15
1.23,1,1.96
1.81,2,1.0
1.4,1,1.42
1.4,5,2.16
1.3,2,1.0
0.89,1,1.77
1.18,1,2.06
0.8,1,1.85
0.9,2,0.0
3.18,1,0.0
10.31,3,8.58
3.2,1,3.65
0.6,2,2.25
0.99,5,1.96
1.04,1,3.39
1.18,1,2.0
0.4,1,1.0
2.16,2,3.56
5.04,1,5.83
1.6,1,0.0
0.8,2,1.95
1.38,1,1.7
15.9,1,13.15
2.16,1,2.0
1.8,0,2.55
0.0,1,0.0
2.81,5,5.49
0.8,2,1.96
1.6,2,3.8
0.8,1,0.0
0.58,4,1.0
1.53,2,2.56
2.39,1,3.0
1.46,1,2.14
1.73,2,0.0
1.71,1,2.46
1.92,6,2.0
1.63,1,2.86
0.8,1,2.0
1.72,1,2.16
7.08,3,0.0
2.8,1,1.0
0.71,1,1.0
1.77,5,3.45
2.97,2,3.0
8.51,1,7.48
12.19,5,0.0
0.4,1,1.76
2.8,1,3.66
2.0,1,0.2
0.2,1,1.45
0.31,1,0.0
9.5,1,8.45
2.69,1,5.79
2.46,1,3.36
2.08,2,0.0
2.12,1,3.06
2.49,1,2.86
1.02,1,1.96
1.29,6,2.95
1.3,1,2.65
0.54,1,1.0
1.1,2,0.0
0.58,1,1.86
0.94,1,4.0
2.09,1,2.86
2.88,1,3.56
0.78,2,0.0
2.34,2,0.0
3.3,5,3.75
0.8,0,2.7
1.9,2,2.95
1.4,0,0.0
0.89,1,2.58
1.8,4,1.48
0.68,1,0.88
1.12,3,2.16
0.92,1,0.0
1.46,2,2.95
5.3,1,0.0
1.3,1,3.84
0.77,1,1.4
5.2,1,4.35
1.5,1,2.75
1.42,2,0.0
3.47,5,0.0
1.95,1,2.66
19.79,1,12.28
0.89,5,1.0
3.47,1,2.74
2.4,1,2.2
6.3,1,5.16
1.96,1,1.0
0.59,1,0.0
19.46,1,0.0
3.46,1,3.56
1.6,2,2.55
1.2,0,2.15
4.85,1,0.0
0.48,1,1.0
3.2,1,2.37
1.7,3,2.0
1.03,1,3.39
1.96,1,2.76
2.06,1,3.99
5.28,2,4.06
1.24,2,0.0
1.8,1,2.86
3.7,1,4.25
2.4,1,2.95
2.82,1,3.16
1.69,1,0.0
2.03,1,2.07
8.25,1,0.0
0.3,2,1.45
17.29,2,12.28
9.33,1,7.48
0.71,3,0.0
0.85,1,1.86
4.74,1,4.36
1.1,1,2.35
0.8,1,2.55
3.02,1,0.0
0.6,1,1.65
0.86,5,1.0
1.01,1,1.76
1.5,1,0.0
0.03,2,0.0
9.43,1,5.0
1.67,1,2.36
4.94,1,4.36
0.73,1,1.0
2.2,3,2.0
3.17,1,3.26
1.8,0,2.21
4.42,1,3.86
1.92,1,0.0
1.32,2,2.26
4.4,1,4.05
2.6,1,3.15
0.0,1,0.0
9.9,1,0.0
0.04,1,0.0
2.95,1,3.16
9.36,2,9.48
0.71,1,1.86
0.57,1,1.7
3.63,1,3.56
2.05,1,2.0
1.6,2,2.46
0.33,2,0.73
3.2,5,3.16
4.6,1,3.95
2.0,2,2.0
2.6,2,3.2
0.0,2,0.0
2.3,1,3.95
1.62,2,2.36
0.67,1,2.08
6.2,1,4.95
3.2,1,1.0
4.5,3,4.05
1.54,6,0.0
1.0,1,1.85
8.06,1,0.0
1.84,1,2.56
10.31,1,0.0
1.62,1,0.0
2.01,1,3.08
3.03,1,2.96
0.7,3,1.5
0.55,3,0.0
1.61,1,3.0
0.51,3,0.0
1.7,1,2.36
1.14,2,1.96
4.3,3,0.0
2.43,1,0.0
0.49,5,0.0
0.96,1,0.0
0.99,1,2.32
0.83,1,1.2
0.84,1,1.0
3.56,1,3.46
23.2,1,0.0
5.5,1,4.65
1.7,1,2.25
0.57,3,1.56
3.58,1,3.36
3.04,1,0.0
0.84,1,1.76
8.3,1,0.0
1.76,1,1.5
0.7,1,3.05
3.74,2,3.96
2.27,1,2.2
0.6,1,0.0
1.17,1,0.0
4.18,2,4.06
3.4,1,3.46
9.04,1,6.06
1.25,1,1.96
1.84,1,2.16
3.17,1,0.0
1.5,1,1.5
2.3,2,2.07
1.89,1,3.36
1.6,1,2.45
1.19,1,1.0
5.98,1,4.96
3.4,2,0.0
0.5,1,0.0
1.66,5,1.25
1.4,1,2.16
1.12,2,0.0
1.7,1,0.0
1.21,1,2.16
0.77,1,1.56
2.5,1,4.86
1.46,1,2.76
0.73,1,1.56
2.92,1,3.56
1.1,1,0.0
2.41,2,2.96
0.7,1,1.0
0.39,1,0.0
1.55,1,4.74
0.84,1,2.06
1.2,4,0.0
1.51,3,1.33
3.22,1,0.0
0.48,1,1.95
13.68,2,0.0
0.35,5,1.26
1.42,1,2.06
1.1,2,2.06
2.53,1,3.16
2.0,1,3.56
3.2,1,4.7
1.37,2,0.0
1.3,2,0.0
3.73,1,4.2
1.3,3,2.15
0.9,1,0.0
3.71,2,0.0
18.68,1,3.07
1.04,1,0.98
1.66,1,0.0
1.4,5,0.0
1.5,0,1.7
0.62,1,1.46
2.2,1,2.76
7.2,1,0.0
1.67,2,10.0
2.1,1,2.85
0.56,1,1.66
1.2,1,0.0
1.23,1,2.36
1.6,1,1.5
3.66,1,3.66
1.2,1,0.7
3.39,2,3.16
0.45,1,1.1
0.7,1,1.2
4.55,1,4.76
2.61,1,4.16
1.87,1,3.56
1.22,1,0.0
0.2,1,2.0
0.7,4,0.0
0.81,1,2.32
5.55,1,5.79
1.28,1,1.5
0.39,1,0.0
0.7,1,1.65
1.04,1,1.47
4.7,2,4.0
0.56,1,1.17
1.7,1,2.07
0.9,1,1.0
0.7,2,2.2
0.3,1,1.0
2.05,1,0.0
0.97,1,2.58
1.37,1,0.0
4.7,1,0.0
6.71,3,2.0
2.2,2,3.05
0.82,1,2.64
2.34,4,0.0
1.3,2,1.0
0.99,2,0.0
5.4,2,3.0
4.21,1,0.0
0.53,1,0.0
1.4,2,2.25
2.96,2,5.19
1.6,1,2.55
3.64,1,0.0
1.1,2,3.45
8.5,1,0.0
3.24,1,3.76
1.02,1,2.58
0.9,1,0.0
1.2,0,2.35
1.34,1,1.0
1.86,2,0.0
1.58,3,1.0
5.3,1,0.0
0.4,1,1.0
0.0,1,13.56
1.51,2,0.0
2.26,2,3.66
2.09,1,2.56
20.5,1,12.25
1.3,1,0.0
10.05,1,7.76
2.3,2,2.86
2.6,2,0.0
2.1,2,3.25
1.1,1,0.0
1.11,1,0.0
0.69,1,1.86
1.5,2,0.0
2.53,1,3.2
2.19,1,0.0
2.0,1,2.0
0.68,6,1.31
1.9,4,1.5
1.0,2,2.05
8.43,2,7.58
1.56,1,1.84
6.55,1,0.0
4.68,1,5.45
0.71,1,2.0
7.0,1,0.0
5.51,1,5.46
3.4,2,2.0
3.65,1,3.15
0.3,1,7.0
0.95,1,1.96
2.07,1,2.56
0.75,1,1.96
1.0,1,1.95
2.91,1,0.0
2.66,3,0.0
1.12,1,1.33
2.86,2,1.63
3.36,1,3.66
0.83,4,0.0
2.8,2,1.68
1.5,1,1.5
4.57,1,4.0
1.7,1,0.0
1.05,1,2.26
1.26,1,1.96
1.95,1,1.0
0.8,1,2.79
1.3,1,2.25
2.33,1,1.92
7.03,1,0.0
1.29,3,0.0
1.5,2,2.25
1.5,1,2.35
2.51,1,0.0
2.68,1,0.0
0.9,1,1.75
1.33,1,0.0
6.9,1,1.0
1.76,2,2.46
5.38,1,4.26
3.41,1,3.46
9.43,1,0.0
1.94,4,2.26
2.06,1,2.66
5.2,1,4.45
1.4,2,2.25
2.11,1,2.0
5.0,1,4.35
8.91,2,6.16
7.01,1,0.0
2.0,1,2.0
0.6,1,0.7
2.4,1,2.56
5.7,4,0.0
0.8,2,1.0
7.29,1,4.0
1.62,6,3.08
1.3,1,0.0
0.76,1,1.56
2.23,2,2.0
4.26,3,3.56
9.9,5,0.0
1.6,1,0.0
2.48,1,0.0
8.77,2,6.88
4.7,1,3.75
7.49,2,2.0
3.5,0,2.95
0.51,1,1.0
3.68,1,2.0
2.94,1,0.0
2.4,1,2.65
0.44,1,0.0
1.25,1,1.76
4.4,2,0.0
1.0,2,1.65
2.2,2,2.0
0.66,5,0.0
2.2,2,2.85
1.48,2,1.0
1.2,1,0.85
1.55,1,2.95
1.9,1,1.0
0.5,4,1.46
0.78,1,0.69
1.17,3,2.06
12.07,1,0.01
1.4,0,3.0
2.1,1,2.0
1.89,1,0.0
2.12,1,2.46
0.53,5,1.56
1.48,1,0.0
0.98,1,1.86
0.61,1,0.0
1.4,1,2.36
0.77,1,1.17
1.0,1,3.05
0.84,1,1.76
1.2,1,1.96
2.38,1,0.0
1.77,1,2.16
1.7,1,3.2
0.6,1,2.0
2.03,1,2.26
1.3,2,0.0
2.0,1,2.25
1.23,1,0.0
3.19,5,3.06
0.7,1,2.45
6.29,1,3.0
1.7,2,3.45
9.2,1,5.0
13.8,3,0.0
2.36,1,2.0
0.73,1,2.2
4.34,4,3.86
5.8,1,12.55
17.92,1,12.28
3.4,3,2.0
1.78,3,1.18
1.18,1,0.08
0.65,1,2.08
6.96,1,0.0
0.0,2,13.06
0.9,1,0.0
1.5,1,2.35
5.1,1,4.95
1.6,1,2.26
1.0,1,0.0
0.72,1,1.46
0.4,1,1.0
0.5,1,1.0
1.13,2,0.0
0.8,1,0.0
0.62,1,20.0
0.59,2,1.62
1.5,2,0.0
2.2,1,0.0
15.53,4,5.0
7.3,2,5.75
1.06,1,0.0
3.25,1,0.0
4.6,2,0.0
0.0,1,1.16
1.55,2,1.0
3.6,1,4.3
0.0,1,0.0
1.54,4,1.0
2.37,2,2.76
1.78,2,2.76
4.14,1,4.66
1.87,1,2.56
2.24,1,3.06
1.02,1,1.86
0.88,1,1.32
7.3,1,1.0
0.93,3,0.0
1.12,1,1.25
1.89,2,0.0
1.0,1,0.0
1.53,2,0.0
1.7,2,3.0
1.61,5,0.0
1.4,1,0.0
4.3,1,5.45
0.51,1,0.0
0.33,2,1.46
2.18,1,4.08
9.9,1,12.25
1.74,1,2.0
0.46,1,0.0
16.53,1,11.7
0.23,1,0.0
10.0,1,8.9
4.3,1,2.0
1.12,2,0.0
4.49,1,4.06
1.39,1,0.0
1.67,1,0.0
1.0,2,0.0
0.0,1,0.0
1.01,1,2.06
0.87,1,0.0
9.3,1,9.23
3.3,2,0.0
0.5,2,1.65
20.45,3,5.53
1.38,1,1.0
0.56,1,0.0
1.06,1,0.0
15.5,2,5.0
5.58,1,0.0
7.8,1,5.55
15.34,1,0.0
0.6,2,0.0
5.6,1,4.45
0.8,1,2.3
3.2,1,0.0
1.88,1,0.0
1.44,2,0.0
1.3,1,1.95
10.26,1,7.88
1.49,1,1.54
0.6,1,1.55
1.8,2,2.0
1.6,1,1.0
0.9,1,1.0
2.7,1,2.0
1.05,2,0.0
1.57,1,0.0
2.1,1,3.3
13.0,1,9.96
2.95,1,3.0
3.0,1,5.0
0.9,1,0.0
1.41,5,2.26
1.5,1,2.66
5.52,1,5.58
1.44,1,2.56
1.96,1,2.86
0.5,1,0.0
3.19,3,2.26
0.91,1,2.06
11.3,2,4.0
0.56,1,1.86
1.98,1,1.2
0.7,1,2.45
1.2,1,2.67
5.38,2,6.08
6.25,2,6.16
10.05,3,0.0
0.0,1,0.0
3.19,1,3.56
1.22,1,2.66
1.54,5,2.76
0.6,1,0.0
3.4,1,3.66
1.4,1,0.0
3.35,3,0.0
0.53,1,1.96
0.69,4,1.0
2.4,1,2.85
1.5,2,1.5
0.7,1,1.65
3.01,2,3.46
2.79,1,0.0
1.7,2,2.3
1.0,1,1.95
1.36,3,2.76
1.18,1,4.45
0.77,3,1.0
0.88,1,1.86
1.37,1,0.0
10.3,2,6.06
0.53,1,0.85
0.87,1,0.0
0.87,1,1.86
2.4,1,0.0
2.46,1,3.83
2.06,6,3.16
2.31,1,2.86
2.0,1,2.65
0.85,1,0.0
0.5,1,0.0
0.3,2,1.5
0.2,1,0.0
1.4,1,2.25
1.7,4,3.45
1.6,1,2.65
0.51,1,1.66
10.68,1,0.0
16.15,2,0.0
1.0,1,1.86
8.39,1,9.86
1.56,1,2.26
1.4,1,0.0
1.7,1,0.0
0.7,1,2.0
1.1,1,2.3
2.74,3,3.16
1.17,1,2.06
0.91,1,1.66
1.03,6,2.26
0.83,1,2.0
0.95,1,1.94
2.05,1,2.86
0.7,1,2.3
7.04,1,2.0
0.66,5,0.0
1.08,1,0.0
9.49,1,11.08
2.0,1,2.75
3.48,1,3.46
1.14,1,1.47
0.91,1,1.67
2.0,1,0.0
0.7,1,0.0
2.38,1,3.16
3.0,1,3.76
2.12,1,3.32
0.0,1,0.0
3.62,3,3.86
10.65,1,0.0
1.43,2,2.46
1.29,1,3.09
0.9,2,0.0
0.7,1,0.88
7.1,1,5.75
13.71,1,9.66
2.49,6,1.0
1.9,1,2.85
3.41,1,3.66
1.62,5,2.76
1.7,2,0.0
0.91,1,2.7
1.61,1,3.7
0.8,1,2.0
0.45,6,1.0
0.65,5,1.0
1.28,1,2.26
1.33,1,3.08
0.8,1,1.85
2.2,5,1.0
1.11,1,2.16
17.07,1,0.0
1.9,1,1.0
0.9,1,0.0
0.5,1,1.96
1.6,1,2.75
2.3,6,3.06
1.72,2,0.0
1.43,6,0.0
0.0,1,13.74
0.61,5,1.76
1.2,1,2.16
2.41,1,1.0
6.5,0,6.2
0.8,2,2.16
0.41,2,1.76
6.42,1,4.76
2.2,1,3.15
0.99,1,2.58
3.6,1,3.75
3.56,2,4.7
1.83,1,2.66
3.3,1,0.0
2.42,1,3.58
1.4,1,2.35
2.5,4,3.05
1.8,1,1.0
1.19,1,1.96
3.26,1,4.7
0.7,1,1.5
1.1,1,2.05
0.55,1,0.0
1.89,1,3.7
3.98,1,0.0
0.9,1,2.33
4.33,1,0.0
4.5,1,3.35
0.59,5,0.5
1.05,1,2.16
1.5,1,3.8
1.57,1,2.06
0.7,1,1.0
1.15,1,0.0
5.7,1,8.83
0.73,1,0.0
1.7,4,1.23
0.53,1,1.82
1.7,1,3.5
3.92,1,2.0
1.14,1,2.06
1.15,2,1.5
2.37,1,2.0
1.6,1,1.2
0.26,3,1.7
0.72,1,0.0
1.74,3,1.0
1.2,1,2.35
3.9,1,4.8
1.1,1,0.0
2.9,1,2.96
21.82,1,9.58
8.8,1,6.0
0.74,1,1.96
2.04,1,2.26
3.52,1,4.08
1.8,1,2.26
1.37,1,1.0
1.3,1,0.0
2.3,1,3.99
0.6,1,1.75
1.71,2,0.0
1.16,1,0.0
2.58,1,2.66
2.13,2,2.36
2.6,1,2.85
1.2,1,1.08
1.2,1,2.35
2.6,1,0.0
1.5,1,2.0
1.37,1,1.47
1.4,1,2.45
1.19,1,1.86
0.5,2,0.0
1.63,1,3.09
1.95,1,0.0
1.72,1,3.26
1.23,2,2.16
12.31,6,12.28
14.89,1,7.0
1.1,1,2.25
0.9,3,1.96
5.86,1,4.26
1.4,1,0.0
3.0,1,3.65
2.3,0,2.75
0.87,1,1.0
2.88,1,6.39
1.85,1,2.76
2.02,1,2.3
1.56,1,0.0
0.3,1,0.0
0.59,2,1.0
1.95,1,1.0
1.28,1,3.06
0.82,2,2.2
1.11,1,0.0
1.5,1,2.8
3.45,5,4.36
5.6,2,0.0
0.57,1,1.86
1.59,2,2.86
2.11,1,1.0
1.26,1,1.4
16.1,1,0.0
2.83,1,3.06
0.7,0,0.0
0.5,1,2.25
1.39,1,3.16
1.6,1,4.14
3.3,1,0.0
0.7,1,1.0
0.04,1,0.0
0.1,2,1.25
0.61,1,2.94
0.6,1,2.0
1.09,2,2.76
1.35,1,2.7
4.95,1,4.46
1.7,1,3.3
1.6,1,2.46
3.5,1,0.0
2.2,1,3.7
1.03,1,3.06
4.7,1,4.05
2.94,1,0.0
3.33,1,4.16
1.1,1,0.0
0.39,1,1.56
17.54,1,15.35
3.0,1,1.75
3.02,2,5.08
6.9,1,4.85
0.4,1,1.46
1.6,3,1.25
0.46,1,1.46
1.79,1,1.0
0.95,1,0.0
1.22,1,2.45
1.8,1,1.96
1.42,1,0.0
0.63,1,0.0
2.8,2,0.0
0.6,1,1.95
0.79,4,0.0
0.47,1,0.0
2.1,2,2.86
7.52,1,0.0
0.88,2,2.06
1.33,1,2.06
1.55,2,0.0
0.97,1,1.76
4.0,1,3.75
1.9,1,3.15
1.7,1,1.5
1.27,1,0.0
5.9,1,2.0
1.17,3,1.0
2.97,1,3.16
0.82,1,0.0
13.17,1,0.0
16.35,1,8.48
2.9,4,2.0
1.49,1,2.96
1.3,4,2.95
2.7,2,4.7
0.0,1,13.18
2.83,1,4.06
0.63,1,1.86
3.86,6,5.2
0.65,1,1.86
2.62,6,3.06
0.94,1,1.96
1.91,2,2.0
8.66,1,8.08
10.4,0,0.0
1.56,1,2.46
2.1,1,3.7
0.53,1,0.0
1.43,2,2.46
1.7,1,0.0
0.78,1,1.86
0.65,3,2.06
1.56,1,2.86
0.8,1,2.7
1.7,1,2.2
0.56,1,2.26
1.94,5,2.22
18.02,2,19.11
0.5,1,2.2
1.2,1,2.15
2.18,1,3.0
18.67,1,13.18
1.84,4,0.0
1.4,1,3.8
3.1,1,0.0
1.0,1,3.2
2.64,1,1.0
2.6,1,2.25
5.25,1,4.86
1.6,1,2.45
1.63,1,2.56
3.49,1,0.0
0.18,1,1.46
1.3,1,3.5
2.7,0,3.75
2.4,1,3.15
1.57,1,0.0
5.74,1,4.36
2.2,1,3.8
1.1,1,1.11
2.7,2,0.0
3.27,1,2.25
2.54,1,0.79
1.1,1,0.0
3.41,1,3.66
0.0,5,3.26
4.5,2,0.0
4.0,1,0.0
3.14,3,1.0
2.05,4,0.0
3.98,1,3.86
0.89,1,1.96
1.1,1,2.35
2.61,2,0.0
14.2,1,7.86
6.92,5,0.0
1.23,1,2.16
1.4,1,2.26
2.19,1,3.26
1.13,1,1.96
8.0,1,5.15
0.75,2,0.88
3.61,2,4.68
0.83,1,1.96
0.79,1,1.24
2.49,1,2.76
2.17,1,2.86
4.45,5,0.0
4.0,1,3.75
0.0,1,0.0
2.45,2,2.5
1.1,1,0.0
2.1,1,2.66
13.8,2,8.95
1.21,1,0.0
14.0,1,6.0
1.02,2,1.96
5.4,1,1.7
1.4,1,1.7
1.55,1,0.0
0.5,1,1.55
1.5,2,2.95
5.7,1,4.55
2.52,5,4.14
0.7,1,0.0
1.0,1,1.95
2.38,4,1.43
1.8,1,2.65
2.2,1,2.85
1.8,1,2.55
9.4,1,7.15
1.73,5,2.36
3.3,0,3.25
0.9,1,1.65
0.6,2,1.76
5.29,1,0.0
8.32,2,6.46
1.1,1,0.0
0.89,1,1.86
0.84,1,0.0
13.0,1,0.0
1.84,1,3.84
2.19,1,1.0
3.45,1,0.0
3.2,1,0.0
1.19,1,1.96
2.57,1,2.76
1.01,1,1.86
1.59,1,0.0
7.31,1,5.46
3.64,1,0.0
1.04,1,0.0
6.5,1,0.0
3.33,1,1.0
1.17,1,0.0
16.66,1,12.28
0.85,1,1.66
0.89,1,1.56
0.6,1,0.88
1.5,1,1.96
1.18,1,2.79
2.6,1,1.92
2.2,2,1.0
1.1,1,1.5
12.76,2,8.24
8.4,1,4.08
1.8,1,0.0
3.7,1,0.0
4.7,1,2.0
2.5,1,3.35
6.74,1,0.0
17.6,1,12.25
2.6,1,2.08
1.5,1,1.0
1.9,1,2.22
3.08,2,0.0
0.7,1,1.25
0.8,1,2.25
1.9,1,2.65
7.1,0,0.0
0.5,0,0.0
1.0,1,1.95
1.6,4,0.0
9.42,2,8.76
0.93,1,1.86
0.8,1,2.9
1.82,1,3.36
0.33,1,1.0
2.43,5,3.06
6.62,1,2.0
1.39,1,2.66
1.3,1,2.95
1.56,1,3.06
0.63,2,0.5
5.1,1,5.82
1.31,1,2.96
0.4,1,2.0
1.17,1,2.86
0.8,1,0.0
15.08,1,0.0
1.02,2,2.36
2.2,1,2.07
5.87,6,7.29
3.34,5,4.82
0.4,1,1.0
1.17,1,2.56
5.6,1,4.85
0.3,1,0.0
0.77,1,2.2
1.33,1,0.0
9.67,2,9.73
0.7,1,0.0
1.0,1,1.76
2.02,1,2.0
1.33,1,2.26
1.17,1,2.96
19.87,1,16.71
1.73,1,1.0
2.12,1,0.0
3.0,1,0.0
1.14,1,2.46
3.1,1,0.0
1.0,2,0.0
0.6,1,1.65
0.8,1,1.76
0.48,1,1.56
1.68,2,2.76
2.93,1,5.49
1.4,2,2.55
5.13,1,0.0
20.8,2,10.0
1.0,1,0.0
1.2,1,2.26
14.78,1,0.0
8.1,1,0.0
3.3,1,4.06
2.16,3,0.0
7.19,1,7.08
2.8,1,2.5
0.36,1,0.0
1.06,2,0.0
4.21,1,4.82
0.59,1,0.0
2.88,1,1.0
9.57,1,0.0
0.93,1,2.36
8.1,1,6.88
3.6,2,3.76
1.62,2,2.96
2.38,2,1.0
2.33,5,2.5
0.6,1,1.76
0.63,1,1.66
0.99,5,1.86
1.1,1,1.0
1.5,0,3.8
1.31,1,0.0
8.24,6,3.82
4.31,1,4.96
0.63,1,2.33
5.14,2,5.66
0.8,1,1.5
0.9,1,2.3
0.0,1,0.0
3.77,1,4.88
1.91,1,5.45
1.1,2,2.35
1.5,1,2.46
3.5,1,3.5
0.8,1,2.05
2.94,1,3.96
0.9,1,2.06
0.61,2,0.0
3.28,2,2.5
1.5,1,2.25
1.62,1,2.66
1.2,1,2.15
1.44,1,3.0
1.3,2,2.35
1.11,1,0.0
1.9,1,3.96
6.87,1,6.26
0.93,2,2.16
1.16,1,1.5
2.9,1,3.27
5.37,2,4.66
1.04,3,2.26
3.1,1,3.42
2.91,1,3.56
3.37,1,2.5
4.13,1,4.7
1.9,1,0.0
0.4,1,0.0
1.35,1,2.46
3.55,1,0.0
0.0,2,0.0
1.63,1,4.44
1.03,1,1.84
1.5,1,0.0
1.4,1,2.35
1.4,1,0.0
2.47,1,0.0
1.1,0,1.23
4.41,1,3.96
2.18,1,3.06
0.6,1,0.0
1.73,1,2.56
3.27,2,3.86
11.08,1,7.86
2.13,1,0.0
1.9,1,1.5
2.28,1,4.0
1.35,1,2.26
5.04,1,4.86
7.84,1,4.0
2.25,1,2.2
3.58,2,2.0
1.0,0,2.0
0.73,1,2.0
2.19,1,2.76
5.95,1,1.0
1.04,1,1.96
1.63,5,2.36
0.6,2,1.2
5.39,1,0.0
0.79,1,1.66
1.5,1,3.0
0.69,1,1.76
1.3,1,2.0
4.5,1,3.0
0.88,1,1.96
3.32,1,1.5
0.84,1,0.0
3.4,1,3.75
2.12,1,2.56
1.98,1,2.0
1.32,1,2.16
0.64,1,1.0
0.98,3,2.06
2.0,1,0.0
1.13,1,2.16
2.4,2,3.06
1.31,1,0.0
1.04,1,2.06
2.27,2,3.36
1.46,1,3.69
9.8,2,6.55
1.23,3,2.83
1.2,1,1.95
2.6,1,2.85
0.86,1,1.96
0.54,1,0.0
1.29,1,2.16
15.88,1,3.0
12.32,1,0.0
2.88,6,0.0
1.34,1,1.0
9.07,1,5.46
2.95,1,3.95
0.05,1,12.28
2.62,1,2.86
0.96,1,2.94
2.43,1,2.76
1.59,1,2.7
2.45,2,3.06
1.67,1,2.26
4.0,0,0.0
1.57,2,2.26
1.0,1,2.15
5.72,1,4.76
0.6,1,1.65
10.3,1,12.25
1.81,1,3.54
0.26,1,2.66
1.3,1,2.15
0.54,2,0.83
2.11,1,2.56
1.42,1,0.0
2.91,1,3.06
1.89,1,0.0
4.47,6,4.95
0.57,3,1.46
10.52,4,6.96
1.81,2,2.7
2.04,1,0.0
2.62,1,2.66
1.5,1,2.58
1.79,1,2.36
4.68,1,3.0
2.0,1,2.75
1.5,6,2.06
1.9,1,2.36
1.19,1,0.0
0.9,0,1.65
0.83,1,0.7
1.36,1,1.0
0.41,1,1.0
0.78,1,0.83
0.9,1,2.95
1.17,2,1.0
1.2,1,2.05
3.0,1,3.45
1.07,1,0.0
3.29,1,3.76
1.7,0,4.7
1.4,1,3.05
1.27,1,0.0
0.98,5,0.0
1.4,1,2.0
1.4,1,3.24
2.26,1,3.86
1.5,3,0.0
1.03,2,0.0
3.22,1,0.0
0.4,1,1.22
1.9,1,3.06
1.0,0,1.95
2.77,1,3.96
0.82,4,0.0
1.6,1,1.0
2.95,2,0.0
0.6,0,1.4
0.48,1,0.0
1.57,1,2.0
1.47,4,2.82
3.0,6,1.25
0.7,1,1.76
3.6,1,0.0
1.0,1,2.55
1.43,1,1.28
0.5,1,0.0
1.5,1,2.45
2.02,1,3.16
1.8,2,3.35
0.0,1,0.0
1.87,2,4.06
1.7,1,4.05
0.8,4,2.15
2.7,1,0.0
1.9,1,0.0
1.66,1,2.76
1.8,1,3.65
1.11,1,2.83
0.59,1,1.86
7.98,1,5.0
3.67,4,0.0
0.01,6,1.16
1.8,2,0.0
4.23,1,0.0
17.74,1,15.36
0.97,5,0.0
1.39,3,2.56
1.9,1,2.56
1.64,2,0.0
0.9,2,2.76
3.0,2,4.2
3.1,2,3.45
1.2,1,2.55
1.8,3,2.46
4.5,1,2.0
1.6,1,2.25
1.12,1,2.58
1.36,1,2.06
0.95,1,2.0
3.62,1,0.0
1.45,2,3.45
1.6,1,2.7
0.73,2,2.16
1.4,1,2.0
2.28,1,3.26
0.5,1,1.17
1.61,1,0.0
0.65,1,1.76
0.88,1,2.06
1.4,1,0.0
1.26,1,0.0
10.42,1,0.0
0.64,3,1.66
1.59,3,4.59
10.73,5,0.0
6.5,1,2.63
7.32,1,0.0
0.4,1,1.46
2.4,1,1.5
3.71,1,7.0
1.2,1,0.0
7.16,1,5.0
2.6,1,1.0
5.91,1,0.0
1.2,1,0.0
1.3,1,2.25
0.73,5,2.2
1.15,1,2.83
1.29,1,2.56
1.09,1,2.26
0.01,3,0.0
3.9,1,3.85
2.01,1,2.86
2.88,1,0.0
1.8,1,0.0
1.7,3,0.0
0.8,2,1.85
0.6,1,2.05
11.62,1,6.36
4.34,1,4.26
0.8,1,1.03
1.77,1,3.7
2.2,1,0.0
1.8,1,1.2
1.72,1,3.16
7.82,2,9.32
1.2,1,2.8
1.52,1,1.68
1.88,1,0.0
1.66,1,2.66
0.91,1,1.77
20.24,1,0.0
1.26,2,0.0
3.4,1,3.45
3.3,1,0.0
1.7,1,2.25
0.66,2,2.32
1.29,1,2.16
0.53,1,1.76
7.08,1,0.0
0.8,5,0.0
0.95,3,1.96
1.36,3,0.0
1.6,1,0.0
0.73,1,1.76
1.3,1,0.0
1.05,1,0.0
1.02,2,1.08
1.51,1,3.06
0.91,1,2.16
0.81,1,2.0
1.0,1,2.0
0.5,1,1.75
1.47,6,0.0
1.29,2,0.0
1.3,1,3.65
2.88,1,3.96
12.33,1,10.08
0.7,1,1.4
3.07,1,0.0
7.87,1,7.28
0.0,2,5.16
1.6,1,2.5
2.2,1,3.05
17.2,2,6.0
7.43,2,6.28
1.6,2,2.55
2.1,2,2.2
1.1,0,1.0
2.1,0,2.65
1.8,1,2.66
0.9,1,1.4
3.57,1,0.0
0.8,1,0.0
2.0,2,2.95
14.62,3,10.38
1.02,6,1.0
7.4,1,1.0
4.5,1,2.0
1.0,1,1.0
2.47,1,2.0
5.91,1,4.7
3.93,3,3.26
1.76,1,1.92
9.68,5,7.88
1.81,1,0.0
6.23,1,7.14
1.61,1,2.46
1.35,1,2.46
3.9,4,3.66
9.8,1,7.95
2.45,1,2.76
1.91,1,0.0
2.93,3,3.66
0.8,1,0.0
6.5,1,2.0
2.32,1,2.66
1.52,1,2.26
4.03,1,4.26
12.74,1,8.56
1.9,1,2.55
0.64,2,0.0
5.0,1,2.5
0.7,2,1.75
1.26,1,2.16
2.25,1,0.0
2.34,1,1.7
11.25,1,10.0
4.8,0,5.6
2.52,1,3.82
1.19,1,0.0
3.8,1,3.55
2.75,1,0.0
4.5,1,3.95
0.53,1,1.46
2.43,1,2.46
2.98,3,3.16
4.8,1,4.06
2.4,1,0.0
2.44,1,0.0
1.5,1,3.39
1.0,1,1.95
1.27,6,2.06
0.5,1,1.17
1.9,1,2.07
1.4,4,0.0
3.68,3,3.0
2.75,1,1.58
1.62,1,2.26
4.7,1,0.0
3.07,3,2.6
2.5,1,3.95
2.21,1,4.74
0.65,1,2.32
2.27,1,1.58
1.72,1,2.0
2.13,1,3.06
1.87,1,3.16
0.62,1,1.56
2.72,2,3.12
0.85,3,1.62
5.63,1,3.7
1.23,1,0.0
0.6,1,1.45
2.9,1,4.0
1.3,1,0.0
1.03,5,3.69
14.9,1,8.0
2.92,1,1.0
4.8,1,4.46
2.12,1,3.06
0.5,1,1.66
0.63,1,1.0
0.45,2,1.56
0.54,1,0.0
2.24,1,2.96
21.3,1,15.35
2.87,1,3.76
0.62,1,0.0
1.3,1,2.65
0.81,1,1.56
6.49,3,0.0
1.44,1,2.56
0.73,6,1.66
3.2,1,0.0
3.61,1,0.0
1.1,1,1.25
2.12,2,0.75
2.0,2,0.0
1.24,1,2.66
1.8,2,2.0
0.81,2,0.0
1.6,1,0.0
1.06,1,2.26
0.36,1,1.46
1.06,1,0.0
1.6,1,2.36
1.23,1,2.36
2.2,1,0.0
1.25,1,2.06
1.3,1,0.0
2.1,1,1.0
1.6,4,2.45
0.0,1,0.0
1.28,1,1.96
4.2,2,4.05
0.82,1,1.26
1.41,3,2.36
0.94,1,2.45
2.4,1,2.85
0.6,1,1.75
0.9,0,1.95
1.72,2,2.56
0.8,1,0.5
5.5,1,0.0
0.7,0,1.17
1.3,0,0.0
0.78,1,2.5
1.16,2,1.0
1.2,1,2.05
0.62,1,0.0
20.3,2,0.0
0.8,2,2.15
1.0,1,2.46
3.0,1,1.2
2.2,1,4.2
0.82,1,1.5
1.28,1,0.0
5.5,1,2.0
0.7,1,2.35
0.24,1,0.0
4.2,1,5.15
0.6,1,0.83
1.5,3,0.0
1.1,1,2.05
2.6,2,3.46
3.1,2,5.9
1.08,2,2.16
0.5,1,0.0
2.8,1,0.0
0.0,1,0.0
1.6,1,2.55
3.09,2,0.0
0.9,1,2.45
5.96,3,5.16
2.98,1,3.56
0.89,1,1.5
0.73,1,2.26
16.99,1,13.18
0.67,2,1.0
2.77,1,3.46
0.82,1,0.0
1.43,1,0.0
1.9,2,2.75
1.04,4,1.0
0.52,1,1.88
1.54,1,2.0
1.0,2,2.25
8.78,1,8.26
0.99,1,2.16
2.55,5,1.11
1.62,1,2.36
1.88,5,3.16
2.75,1,2.23
17.97,1,4.0
2.0,1,0.0
1.06,1,2.16
0.67,1,1.28
2.11,1,0.0
1.61,6,2.26
2.3,1,3.56
0.6,2,2.2
1.03,2,0.0
0.7,2,2.2
0.83,1,2.0
1.3,3,2.95
1.2,1,1.5
1.5,3,1.0
2.73,1,3.26
1.8,1,1.0
0.7,1,2.0
1.76,2,2.0
2.64,1,1.58
17.38,1,13.18
4.32,1,2.2
1.81,5,0.0
1.04,1,2.26
1.37,1,4.2
2.25,1,2.2
1.9,1,3.16
3.58,1,3.66
2.1,0,2.0
1.0,1,0.0
0.72,1,1.76
3.3,1,5.95
1.26,2,3.06
0.5,1,0.8
1.25,1,2.0
1.13,1,2.76
1.6,2,1.77
4.8,0,4.45
10.23,1,0.0
2.18,1,3.86
0.59,1,0.0
1.17,1,2.36
5.53,1,5.16
1.05,1,0.0
1.12,1,1.96
2.08,1,2.0
2.33,1,4.0
7.4,1,15.0
2.2,1,4.8
15.7,1,14.3
0.7,2,0.0
0.37,1,1.56
0.6,1,0.5
0.88,6,1.2
0.34,2,0.0
1.8,2,0.0
1.3,1,2.0
2.22,1,3.0
0.74,1,0.0
0.0,1,0.0
0.99,1,2.06
1.79,1,1.23
1.68,1,0.0
0.76,1,0.0
4.8,5,6.08
2.11,1,0.0
1.5,1,2.46
4.04,2,4.76
1.3,4,0.0
1.3,1,2.36
3.4,1,1.0
9.2,1,5.0
6.68,1,3.0
4.98,3,2.97
0.2,2,0.0
1.2,2,2.66
3.98,1,2.0
5.07,1,2.5
3.22,1,0.0
2.58,1,2.76
2.96,1,4.2
1.42,1,2.46
1.18,2,2.16
1.11,3,0.0
1.5,1,3.54
1.25,2,1.96
15.37,1,0.0
1.1,1,0.0
4.9,1,11.0
2.43,1,2.76
1.1,1,1.85
1.53,1,2.46
1.2,0,2.25
3.2,2,3.65
0.3,2,1.45
1.92,1,2.22
